return_model,mu,n_paths,n_periods,main_seed,stat,horizon_years,sigma,paper_sigma,match,ours,paper,diff,seed_sd,diff_in_seed_sd,paper_half_unit
literal,2.5e-05,250000,2520,0,skew,1.0,0.0,0.0,approximate (mapped sigma),,0.0,,,,0.0005
literal,2.5e-05,250000,2520,0,skew,5.0,0.0,0.0,approximate (mapped sigma),,0.0,,,,0.0005
literal,2.5e-05,250000,2520,0,skew,10.0,0.0,0.0,approximate (mapped sigma),,0.0,,,,0.0005
literal,2.5e-05,250000,2520,0,skew,1.0,0.0045,0.02,approximate (mapped sigma),0.21740471454598317,0.188,0.029404714545983174,0.002126119711211272,13.830225264799887,0.0005
literal,2.5e-05,250000,2520,0,skew,5.0,0.0045,0.02,approximate (mapped sigma),0.48758658223347656,0.46,0.027586582233476542,0.004356505049334635,6.332273673753647,0.0005
literal,2.5e-05,250000,2520,0,skew,10.0,0.0045,0.02,approximate (mapped sigma),0.693943314406159,0.667,0.026943314406158936,0.007314686173150384,3.683454596460786,0.0005
literal,2.5e-05,250000,2520,0,skew,1.0,0.009,0.04,approximate (mapped sigma),0.4349403850168678,0.385,0.049940385016867817,0.0021127123466388974,23.638042867651958,0.0005
literal,2.5e-05,250000,2520,0,skew,5.0,0.009,0.04,approximate (mapped sigma),1.0178936362121656,0.959,0.05889363621216559,0.008599953122364288,6.848134562386385,0.0005
literal,2.5e-05,250000,2520,0,skew,10.0,0.009,0.04,approximate (mapped sigma),1.5108318830376253,1.478,0.0328318830376253,0.027051537771210044,1.2136789899081841,0.0005
literal,2.5e-05,250000,2520,0,skew,1.0,0.0135,0.06,approximate (mapped sigma),0.6603704007995116,0.579,0.08137040079951163,0.0021639706234691186,37.602359254334324,0.0005
literal,2.5e-05,250000,2520,0,skew,5.0,0.0135,0.06,approximate (mapped sigma),1.6507641728209854,1.549,0.10176417282098549,0.0192919565583024,5.274953450856218,0.0005
literal,2.5e-05,250000,2520,0,skew,10.0,0.0135,0.06,approximate (mapped sigma),2.627155025895075,2.618,0.00915502589507522,0.12346895959286269,0.07414840074188525,0.0005
literal,2.5e-05,250000,2520,0,skew,1.0,0.018,0.08,approximate (mapped sigma),0.8980186280937923,0.779,0.11901862809379227,0.0022645957110694823,52.55623664392807,0.0005
literal,2.5e-05,250000,2520,0,skew,5.0,0.018,0.08,approximate (mapped sigma),2.472430209754815,2.322,0.15043020975481491,0.04703522354485158,3.1982458765475736,0.0005
literal,2.5e-05,250000,2520,0,skew,10.0,0.018,0.08,approximate (mapped sigma),4.346689757776966,4.655,-0.30831024222303416,0.6417688932934505,-0.48040695871194006,0.0005
literal,2.5e-05,250000,2520,0,skew,1.0,0.0225,0.1,approximate (mapped sigma),1.1528150919930042,0.997,0.15581509199300425,0.002364453021736735,65.89900097848218,0.0005
literal,2.5e-05,250000,2520,0,skew,5.0,0.0225,0.1,approximate (mapped sigma),3.62756581009005,3.314,0.3135658100900498,0.12205068618182342,2.569144180172156,0.0005
literal,2.5e-05,250000,2520,0,skew,10.0,0.0225,0.1,approximate (mapped sigma),7.208664801941157,8.55,-1.341335198058844,3.2604477000703875,-0.41139601718803426,0.0005
literal,2.5e-05,250000,2520,0,skew,1.0,0.027,0.12,approximate (mapped sigma),1.43054964977178,1.222,0.20854964977178003,0.0023419888632052696,89.04809627760436,0.0005
literal,2.5e-05,250000,2520,0,skew,5.0,0.027,0.12,approximate (mapped sigma),5.373273393012237,4.57,0.8032733930122369,0.32196248292022367,2.49492855728558,0.0005
literal,2.5e-05,250000,2520,0,skew,10.0,0.027,0.12,approximate (mapped sigma),12.086715374818572,11.058,1.0287153748185727,13.450019229039306,0.07648430513746192,0.0005
literal,2.5e-05,250000,2520,0,skew,1.0,0.0315,0.14,approximate (mapped sigma),1.7381767270321424,1.471,0.26717672703214235,0.0020068837291891397,133.13014757466408,0.0005
literal,2.5e-05,250000,2520,0,skew,5.0,0.0315,0.14,approximate (mapped sigma),8.17643101762504,8.352,-0.17556898237496021,0.825403597567212,-0.21270682959515905,0.0005
literal,2.5e-05,250000,2520,0,skew,10.0,0.0315,0.14,approximate (mapped sigma),20.133792434060805,23.849,-3.7152075659391954,38.80167407828933,-0.09574864111386272,0.0005
literal,2.5e-05,250000,2520,0,skew,1.0,0.036,0.16,approximate (mapped sigma),2.0841865684706526,1.724,0.36018656847065267,0.00179861616505453,200.25760663600653,0.0005
literal,2.5e-05,250000,2520,0,skew,5.0,0.036,0.16,approximate (mapped sigma),12.867289902382078,9.44,3.4272899023820784,2.003521249819424,1.710633167824388,0.0005
literal,2.5e-05,250000,2520,0,skew,10.0,0.036,0.16,approximate (mapped sigma),32.40523778991073,61.148,-28.742762210089275,75.14750661166784,-0.38248457608341335,0.0005
literal,2.5e-05,250000,2520,0,skew,1.0,0.0405,0.18,approximate (mapped sigma),2.479059586633273,2.014,0.4650595866332732,0.004870505692713611,95.48486665953662,0.0005
literal,2.5e-05,250000,2520,0,skew,5.0,0.0405,0.18,approximate (mapped sigma),20.817006702435172,15.196,5.621006702435173,4.556180060993361,1.233710394933262,0.0005
literal,2.5e-05,250000,2520,0,skew,10.0,0.0405,0.18,approximate (mapped sigma),49.256545675676854,42.597,6.659545675676853,106.22043901079265,0.06269552016255743,0.0005
literal,2.5e-05,250000,2520,0,skew,1.0,0.045,0.2,approximate (mapped sigma),2.9358205281917513,2.306,0.6298205281917513,0.013006664220827026,48.42290978675732,0.0005
literal,2.5e-05,250000,2520,0,skew,5.0,0.045,0.2,approximate (mapped sigma),34.00191471391836,23.814,10.18791471391836,9.63251914753859,1.0576583921477791,0.0005
literal,2.5e-05,250000,2520,0,skew,10.0,0.045,0.2,approximate (mapped sigma),69.97315526934592,53.323,16.650155269345923,123.62432953127318,0.13468348287489756,0.0005
literal,2.5e-05,250000,2520,0,median,1.0,0.0,0.0,approximate (mapped sigma),0.006319807493838425,0.0617,-0.05538019250616157,0.0,,5e-05
literal,2.5e-05,250000,2520,0,median,5.0,0.0,0.0,approximate (mapped sigma),0.03200096925188256,0.3489,-0.3168990307481174,0.0,,5e-05
literal,2.5e-05,250000,2520,0,median,10.0,0.0,0.0,approximate (mapped sigma),0.06502600053682106,0.8194,-0.754373999463179,0.0,,5e-05
literal,2.5e-05,250000,2520,0,median,1.0,0.0045,0.02,approximate (mapped sigma),0.0037831180324637836,0.0594,-0.05561688196753622,2.4779746380204777e-05,-2244.449201141364,5e-05
literal,2.5e-05,250000,2520,0,median,5.0,0.0045,0.02,approximate (mapped sigma),0.01919743235050475,0.333,-0.31380256764949527,0.00029074538069205516,-1079.3037086352242,5e-05
literal,2.5e-05,250000,2520,0,median,10.0,0.0045,0.02,approximate (mapped sigma),0.038839089912595215,0.7772,-0.7383609100874048,0.0006384236046657378,-1156.5376102814864,5e-05
literal,2.5e-05,250000,2520,0,median,1.0,0.009,0.04,approximate (mapped sigma),-0.0038237061173981846,0.0524,-0.05622370611739819,5.06655378952841e-05,-1109.7031326027122,5e-05
literal,2.5e-05,250000,2520,0,median,5.0,0.009,0.04,approximate (mapped sigma),-0.01878901210495476,0.2876,-0.3063890121049548,0.0005631176351995012,-544.0941518310066,5e-05
literal,2.5e-05,250000,2520,0,median,10.0,0.009,0.04,approximate (mapped sigma),-0.037124883639236494,0.656,-0.6931248836392365,0.001203643537224434,-575.8556102395248,5e-05
literal,2.5e-05,250000,2520,0,median,1.0,0.0135,0.06,approximate (mapped sigma),-0.016387555785631835,0.0411,-0.05748755578563183,8.700035288668636e-05,-660.7738230729537,5e-05
literal,2.5e-05,250000,2520,0,median,5.0,0.0135,0.06,approximate (mapped sigma),-0.07919439594583844,0.2142,-0.29339439594583844,0.0007921700185118683,-370.3679627979291,5e-05
literal,2.5e-05,250000,2520,0,median,10.0,0.0135,0.06,approximate (mapped sigma),-0.15179644866661773,0.4733,-0.6250964486666177,0.001678656995037997,-372.37890201176475,5e-05
literal,2.5e-05,250000,2520,0,median,1.0,0.018,0.08,approximate (mapped sigma),-0.033726540240093916,0.0246,-0.05832654024009391,0.00011809004638044375,-493.9158043192458,5e-05
literal,2.5e-05,250000,2520,0,median,5.0,0.018,0.08,approximate (mapped sigma),-0.15756376712275688,0.1157,-0.2732637671227569,0.0009910681230298492,-275.7265224991266,5e-05
literal,2.5e-05,250000,2520,0,median,10.0,0.018,0.08,approximate (mapped sigma),-0.2901622470008832,0.2432,-0.5333622470008832,0.0018736641174676822,-284.6626788806414,5e-05
literal,2.5e-05,250000,2520,0,median,1.0,0.0225,0.1,approximate (mapped sigma),-0.05559527972803174,0.0048,-0.06039527972803174,0.00014263208704740098,-423.4340321190179,5e-05
literal,2.5e-05,250000,2520,0,median,5.0,0.0225,0.1,approximate (mapped sigma),-0.24882300246337902,0.0036,-0.252423002463379,0.0010398875228564532,-242.74067811680405,5e-05
literal,2.5e-05,250000,2520,0,median,10.0,0.0225,0.1,approximate (mapped sigma),-0.43553271322778325,0.0014,-0.43693271322778326,0.0018557541305330952,-235.4475229443608,5e-05
literal,2.5e-05,250000,2520,0,median,1.0,0.027,0.12,approximate (mapped sigma),-0.08164664227249963,-0.0194,-0.062246642272499625,0.0001692927003044645,-367.6865107624377,5e-05
literal,2.5e-05,250000,2520,0,median,5.0,0.027,0.12,approximate (mapped sigma),-0.3470795438079805,-0.1218,-0.2252795438079805,0.0011197188418168766,-201.19295611962528,5e-05
literal,2.5e-05,250000,2520,0,median,10.0,0.027,0.12,approximate (mapped sigma),-0.5736012836739364,-0.2348,-0.33880128367393636,0.0016575106843559095,-204.4036800918667,5e-05
literal,2.5e-05,250000,2520,0,median,1.0,0.0315,0.14,approximate (mapped sigma),-0.1115280897541559,-0.0483,-0.06322808975415589,0.00021226270242304433,-297.87658892677666,5e-05
literal,2.5e-05,250000,2520,0,median,5.0,0.0315,0.14,approximate (mapped sigma),-0.446798135093375,-0.2519,-0.194898135093375,0.0011506559378611,-169.38002810437146,5e-05
literal,2.5e-05,250000,2520,0,median,10.0,0.0315,0.14,approximate (mapped sigma),-0.6939670065028003,-0.4456,-0.2483670065028003,0.001329079080122174,-186.8715038987518,5e-05
literal,2.5e-05,250000,2520,0,median,1.0,0.036,0.16,approximate (mapped sigma),-0.14486468866343843,-0.0802,-0.06466468866343844,0.00022832020510191146,-283.21929999394996,5e-05
literal,2.5e-05,250000,2520,0,median,5.0,0.036,0.16,approximate (mapped sigma),-0.5432714540222299,-0.3798,-0.16347145402222985,0.0011001554011618978,-148.58942095778843,5e-05
literal,2.5e-05,250000,2520,0,median,10.0,0.036,0.16,approximate (mapped sigma),-0.7914027488388675,-0.6198,-0.1716027488388675,0.0010109125194950738,-169.75034489094952,5e-05
literal,2.5e-05,250000,2520,0,median,1.0,0.0405,0.18,approximate (mapped sigma),-0.18113301605299348,-0.1171,-0.06403301605299348,0.0002654474898630246,-241.22667758521885,5e-05
literal,2.5e-05,250000,2520,0,median,5.0,0.0405,0.18,approximate (mapped sigma),-0.6325442561384614,-0.5032,-0.12934425613846146,0.0009792893729149792,-132.0797097526463,5e-05
literal,2.5e-05,250000,2520,0,median,10.0,0.0405,0.18,approximate (mapped sigma),-0.8650249738552617,-0.7574,-0.10762497385526171,0.0006893417636881822,-156.1271629321228,5e-05
literal,2.5e-05,250000,2520,0,median,1.0,0.045,0.2,approximate (mapped sigma),-0.21991115647923698,-0.1555,-0.06441115647923698,0.00029100535399738696,-221.34010798926866,5e-05
literal,2.5e-05,250000,2520,0,median,5.0,0.045,0.2,approximate (mapped sigma),-0.7119877711856506,-0.6104,-0.10158777118565054,0.0008399925953046658,-120.93888893009182,5e-05
literal,2.5e-05,250000,2520,0,median,10.0,0.045,0.2,approximate (mapped sigma),-0.9170523472169954,-0.8528,-0.06425234721699535,0.0004513817434655344,-142.3459148429236,5e-05
literal,2.5e-05,250000,2520,0,pct_positive,1.0,0.0,0.0,approximate (mapped sigma),1.0,1.0,0.0,0.0,,5e-05
literal,2.5e-05,250000,2520,0,pct_positive,5.0,0.0,0.0,approximate (mapped sigma),1.0,1.0,0.0,0.0,,5e-05
literal,2.5e-05,250000,2520,0,pct_positive,10.0,0.0,0.0,approximate (mapped sigma),1.0,1.0,0.0,0.0,,5e-05
literal,2.5e-05,250000,2520,0,pct_positive,1.0,0.0045,0.02,approximate (mapped sigma),0.521086,0.7977,-0.2766139999999999,0.00021609431274327207,-1280.0614532073662,5e-05
literal,2.5e-05,250000,2520,0,pct_positive,5.0,0.0045,0.02,approximate (mapped sigma),0.547118,0.9682,-0.42108199999999996,0.0005934829399401497,-709.509863994514,5e-05
literal,2.5e-05,250000,2520,0,pct_positive,10.0,0.0045,0.02,approximate (mapped sigma),0.567656,0.9957,-0.428044,0.0013820986940157177,-309.70581323415394,5e-05
literal,2.5e-05,250000,2520,0,pct_positive,1.0,0.009,0.04,approximate (mapped sigma),0.489282,0.6439,-0.15461800000000003,0.0001963249143639054,-787.5617850182889,5e-05
literal,2.5e-05,250000,2520,0,pct_positive,5.0,0.009,0.04,approximate (mapped sigma),0.476288,0.7927,-0.31641199999999997,0.000826166327079465,-382.9882550630338,5e-05
literal,2.5e-05,250000,2520,0,pct_positive,10.0,0.009,0.04,approximate (mapped sigma),0.46654,0.8749,-0.40836,0.0010120735151163492,-403.4884757882973,5e-05
literal,2.5e-05,250000,2520,0,pct_positive,1.0,0.0135,0.06,approximate (mapped sigma),0.4693592,0.5769,-0.10754079999999999,0.00022134740115936413,-485.8462283122698,5e-05
literal,2.5e-05,250000,2520,0,pct_positive,5.0,0.0135,0.06,approximate (mapped sigma),0.431656,0.6612,-0.22954400000000003,0.0007652620466219103,-299.9547684525505,5e-05
literal,2.5e-05,250000,2520,0,pct_positive,10.0,0.0135,0.06,approximate (mapped sigma),0.403784,0.7209,-0.317116,0.000830664312463217,-381.7619166274732,5e-05
literal,2.5e-05,250000,2520,0,pct_positive,1.0,0.018,0.08,approximate (mapped sigma),0.452274,0.5349,-0.08262600000000003,0.00017803437870253364,-464.1013752633393,5e-05
literal,2.5e-05,250000,2520,0,pct_positive,5.0,0.018,0.08,approximate (mapped sigma),0.393956,0.5699,-0.175944,0.0005548574591730454,-317.0976565084398,5e-05
literal,2.5e-05,250000,2520,0,pct_positive,10.0,0.018,0.08,approximate (mapped sigma),0.351924,0.5968,-0.24487599999999998,0.0006184328581180169,-395.9621433201238,5e-05
literal,2.5e-05,250000,2520,0,pct_positive,1.0,0.0225,0.1,approximate (mapped sigma),0.4364844,0.5056,-0.06911560000000005,0.00020661395887014889,-334.51563668763197,5e-05
literal,2.5e-05,250000,2520,0,pct_positive,5.0,0.0225,0.1,approximate (mapped sigma),0.35966,0.5018,-0.14214000000000004,0.00046889316480408163,-303.13941569054566,5e-05
literal,2.5e-05,250000,2520,0,pct_positive,10.0,0.0225,0.1,approximate (mapped sigma),0.305972,0.5005,-0.19452799999999992,0.0005317021722731778,-365.8589528952599,5e-05
literal,2.5e-05,250000,2520,0,pct_positive,1.0,0.027,0.12,approximate (mapped sigma),0.4212752,0.4814,-0.06012479999999998,0.0001627224876899245,-369.492876206334,5e-05
literal,2.5e-05,250000,2520,0,pct_positive,5.0,0.027,0.12,approximate (mapped sigma),0.32796,0.4455,-0.11754000000000003,0.0005365836374694933,-219.05252376742965,5e-05
literal,2.5e-05,250000,2520,0,pct_positive,10.0,0.027,0.12,approximate (mapped sigma),0.26488,0.4206,-0.15571999999999997,0.0006498147428305987,-239.63753010847722,5e-05
literal,2.5e-05,250000,2520,0,pct_positive,1.0,0.0315,0.14,approximate (mapped sigma),0.4065304,0.46,-0.053469600000000006,0.00018691760751730178,-286.0597281882643,5e-05
literal,2.5e-05,250000,2520,0,pct_positive,5.0,0.0315,0.14,approximate (mapped sigma),0.298472,0.3966,-0.09812799999999999,0.000679877341878663,-144.33191688496186,5e-05
literal,2.5e-05,250000,2520,0,pct_positive,10.0,0.0315,0.14,approximate (mapped sigma),0.226952,0.3524,-0.125448,0.0006735957244519745,-186.23633649406293,5e-05
literal,2.5e-05,250000,2520,0,pct_positive,1.0,0.036,0.16,approximate (mapped sigma),0.392168,0.4412,-0.049031999999999965,0.0001707028763670937,-287.23593323968055,5e-05
literal,2.5e-05,250000,2520,0,pct_positive,5.0,0.036,0.16,approximate (mapped sigma),0.269922,0.3537,-0.08377800000000002,0.0005879602027348438,-142.48923585357346,5e-05
literal,2.5e-05,250000,2520,0,pct_positive,10.0,0.036,0.16,approximate (mapped sigma),0.191964,0.2947,-0.10273600000000002,0.0005766135621020401,-178.17132088512932,5e-05
literal,2.5e-05,250000,2520,0,pct_positive,1.0,0.0405,0.18,approximate (mapped sigma),0.3780044,0.4231,-0.04509559999999996,0.00018975048880040941,-237.65735880361356,5e-05
literal,2.5e-05,250000,2520,0,pct_positive,5.0,0.0405,0.18,approximate (mapped sigma),0.24312,0.3137,-0.07057999999999998,0.0004784738237354333,-147.51068187802557,5e-05
literal,2.5e-05,250000,2520,0,pct_positive,10.0,0.0405,0.18,approximate (mapped sigma),0.161952,0.242,-0.08004799999999998,0.0007341258747653518,-109.03852152818571,5e-05
literal,2.5e-05,250000,2520,0,pct_positive,1.0,0.045,0.2,approximate (mapped sigma),0.3641768,0.4073,-0.04312319999999997,0.00021504034970209606,-200.5353881712909,5e-05
literal,2.5e-05,250000,2520,0,pct_positive,5.0,0.045,0.2,approximate (mapped sigma),0.21832,0.2793,-0.060980000000000006,0.000612619620972094,-99.5397436067066,5e-05
literal,2.5e-05,250000,2520,0,pct_positive,10.0,0.045,0.2,approximate (mapped sigma),0.135216,0.2002,-0.06498399999999999,0.0005201615133783041,-124.93042704745112,5e-05
literal,2.5e-05,250000,2520,0,p99,1.0,0.0,0.0,approximate (mapped sigma),0.006319807493838425,0.062,-0.055680192506161574,0.0,,0.0005
literal,2.5e-05,250000,2520,0,p99,5.0,0.0,0.0,approximate (mapped sigma),0.03200096925188256,0.349,-0.3169990307481174,0.0,,0.0005
literal,2.5e-05,250000,2520,0,p99,10.0,0.0,0.0,approximate (mapped sigma),0.06502600053682106,0.819,-0.7539739994631789,0.0,,0.0005
literal,2.5e-05,250000,2520,0,p99,1.0,0.0045,0.02,approximate (mapped sigma),0.18521029656385388,0.242,-0.056789703436146116,7.27055398920713e-05,-781.0918331732126,0.0005
literal,2.5e-05,250000,2520,0,p99,5.0,0.0045,0.02,approximate (mapped sigma),0.4784137173199152,0.905,-0.4265862826800848,0.0009629528276916279,-442.99810999328935,0.0005
literal,2.5e-05,250000,2520,0,p99,10.0,0.0045,0.02,approximate (mapped sigma),0.7578931356132809,1.948,-1.1901068643867192,0.002579196929219532,-461.42535721258287,0.0005
literal,2.5e-05,250000,2520,0,p99,1.0,0.009,0.04,approximate (mapped sigma),0.3887444878383432,0.446,-0.05725551216165681,0.00013445377118850816,-425.83790440048637,0.0005
literal,2.5e-05,250000,2520,0,p99,5.0,0.009,0.04,approximate (mapped sigma),1.0646487046167592,1.631,-0.5663512953832408,0.0026522785299731228,-213.53386870306565,0.0005
literal,2.5e-05,250000,2520,0,p99,10.0,0.009,0.04,approximate (mapped sigma),1.7573622103212991,3.559,-1.801637789678701,0.007814584272185777,-230.54812987188816,0.0005
literal,2.5e-05,250000,2520,0,p99,1.0,0.0135,0.06,approximate (mapped sigma),0.6188575245541085,0.671,-0.05214247544589157,0.00024465217813082654,-213.12900561223958,0.0005
literal,2.5e-05,250000,2520,0,p99,5.0,0.0135,0.06,approximate (mapped sigma),1.8091438676031193,2.552,-0.7428561323968808,0.005208472670302917,-142.6245618283483,0.0005
literal,2.5e-05,250000,2520,0,p99,10.0,0.0135,0.06,approximate (mapped sigma),3.110583842538868,5.772,-2.661416157461132,0.0167035747479953,-159.3321308530406,0.0005
literal,2.5e-05,250000,2520,0,p99,1.0,0.018,0.08,approximate (mapped sigma),0.8773457532335832,0.921,-0.04365424676641683,0.0002931224394140121,-148.92836881982507,0.0005
literal,2.5e-05,250000,2520,0,p99,5.0,0.018,0.08,approximate (mapped sigma),2.727724412823273,3.665,-0.9372755871767269,0.007973156376857199,-117.55389495397999,0.0005
literal,2.5e-05,250000,2520,0,p99,10.0,0.018,0.08,approximate (mapped sigma),4.8253924391099,8.392,-3.566607560890099,0.03143174895332527,-113.47149553104254,0.0005
literal,2.5e-05,250000,2520,0,p99,1.0,0.0225,0.1,approximate (mapped sigma),1.1660994712119426,1.201,-0.034900528788057494,0.0005027982221795077,-69.41259385678059,0.0005
literal,2.5e-05,250000,2520,0,p99,5.0,0.0225,0.1,approximate (mapped sigma),3.822902572333947,4.988,-1.1650974276660535,0.01455034780585392,-80.07351049005919,0.0005
literal,2.5e-05,250000,2520,0,p99,10.0,0.0225,0.1,approximate (mapped sigma),6.847666303083033,11.688,-4.840333696916968,0.05553118549161139,-87.16424211127557,0.0005
literal,2.5e-05,250000,2520,0,p99,1.0,0.027,0.12,approximate (mapped sigma),1.486636919788599,1.508,-0.021363080211401098,0.0005748490405951544,-37.16293966374791,0.0005
literal,2.5e-05,250000,2520,0,p99,5.0,0.027,0.12,approximate (mapped sigma),5.080385701136617,6.551,-1.4706142988633832,0.020388677832319742,-72.12896838912201,0.0005
literal,2.5e-05,250000,2520,0,p99,10.0,0.027,0.12,approximate (mapped sigma),9.05398091988499,15.25,-6.1960190801150095,0.08997896726018148,-68.86074900369458,0.0005
literal,2.5e-05,250000,2520,0,p99,1.0,0.0315,0.14,approximate (mapped sigma),1.8402965114251615,1.848,-0.007703488574838602,0.0005903879864337342,-13.048179759503371,0.0005
literal,2.5e-05,250000,2520,0,p99,5.0,0.0315,0.14,approximate (mapped sigma),6.473965357339787,8.193,-1.7190346426602128,0.0286429388948853,-60.01600076614961,0.0005
literal,2.5e-05,250000,2520,0,p99,10.0,0.0315,0.14,approximate (mapped sigma),11.239044920629134,19.153,-7.913955079370865,0.1316827360191864,-60.098653161472804,0.0005
literal,2.5e-05,250000,2520,0,p99,1.0,0.036,0.16,approximate (mapped sigma),2.2276327408661274,2.215,0.012632740866127534,0.0009822241179351218,12.861362936887238,0.0005
literal,2.5e-05,250000,2520,0,p99,5.0,0.036,0.16,approximate (mapped sigma),7.95713093528153,10.179,-2.2218690647184705,0.04263433252027484,-52.11455025505222,0.0005
literal,2.5e-05,250000,2520,0,p99,10.0,0.036,0.16,approximate (mapped sigma),13.148134430332894,22.589,-9.440865569667105,0.16938937879882823,-55.73469621657538,0.0005
literal,2.5e-05,250000,2520,0,p99,1.0,0.0405,0.18,approximate (mapped sigma),2.6498298857036855,2.615,0.03482988570368528,0.001744696233999396,19.963295056724093,0.0005
literal,2.5e-05,250000,2520,0,p99,5.0,0.0405,0.18,approximate (mapped sigma),9.47153236218373,12.055,-2.5834676378162698,0.0529793185951139,-48.7637007482111,0.0005
literal,2.5e-05,250000,2520,0,p99,10.0,0.0405,0.18,approximate (mapped sigma),14.523666753520052,24.857,-10.333333246479947,0.19131033096775363,-54.01346176240574,0.0005
literal,2.5e-05,250000,2520,0,p99,1.0,0.045,0.2,approximate (mapped sigma),3.1055187556426924,3.047,0.058518755642692266,0.0017676032978040004,33.10627204384243,0.0005
literal,2.5e-05,250000,2520,0,p99,5.0,0.045,0.2,approximate (mapped sigma),10.930614674374478,14.147,-3.216385325625522,0.061814674948924626,-52.03271437216344,0.0005
literal,2.5e-05,250000,2520,0,p99,10.0,0.045,0.2,approximate (mapped sigma),15.231864941946464,27.266,-12.034135058053534,0.21700250327120493,-55.45620385315804,0.0005
literal,0.00023753018254346614,250000,2520,0,skew,1.0,0.0,0.0,approximate (mapped sigma),,0.0,,,,0.0005
literal,0.00023753018254346614,250000,2520,0,skew,5.0,0.0,0.0,approximate (mapped sigma),,0.0,,,,0.0005
literal,0.00023753018254346614,250000,2520,0,skew,10.0,0.0,0.0,approximate (mapped sigma),,0.0,,,,0.0005
literal,0.00023753018254346614,250000,2520,0,skew,1.0,0.0045,0.02,approximate (mapped sigma),0.21735904796440933,0.188,0.02935904796440933,0.002126130013592473,13.808679514759316,0.0005
literal,0.00023753018254346614,250000,2520,0,skew,5.0,0.0045,0.02,approximate (mapped sigma),0.48748045659186684,0.46,0.02748045659186682,0.004355988088064729,6.308662015665839,0.0005
literal,0.00023753018254346614,250000,2520,0,skew,10.0,0.0045,0.02,approximate (mapped sigma),0.6937877244800625,0.667,0.026787724480062503,0.007312891500679003,3.6630824452373263,0.0005
literal,0.00023753018254346614,250000,2520,0,skew,1.0,0.009,0.04,approximate (mapped sigma),0.4348465540958842,0.385,0.04984655409588418,0.002112703749167866,23.593726340248757,0.0005
literal,0.00023753018254346614,250000,2520,0,skew,5.0,0.009,0.04,approximate (mapped sigma),1.0176512650573581,0.959,0.05865126505735818,0.008597172793031313,6.822157291627273,0.0005
literal,0.00023753018254346614,250000,2520,0,skew,10.0,0.009,0.04,approximate (mapped sigma),1.510436837564723,1.478,0.03243683756472304,0.02703515837968202,1.199802017401925,0.0005
literal,0.00023753018254346614,250000,2520,0,skew,1.0,0.0135,0.06,approximate (mapped sigma),0.660223297803827,0.579,0.08122329780382709,0.0021639194951599775,37.535267825581606,0.0005
literal,0.00023753018254346614,250000,2520,0,skew,5.0,0.0135,0.06,approximate (mapped sigma),1.650312076769135,1.549,0.10131207676913512,0.01928149307302179,5.254368859582176,0.0005
literal,0.00023753018254346614,250000,2520,0,skew,10.0,0.0135,0.06,approximate (mapped sigma),2.6262934919981076,2.618,0.008293491998107694,0.12334296851472966,0.06723927677415419,0.0005
literal,0.00023753018254346614,250000,2520,0,skew,1.0,0.018,0.08,approximate (mapped sigma),0.8978101166806555,0.779,0.11881011668065544,0.00226449939944886,52.466393547983174,0.0005
literal,0.00023753018254346614,250000,2520,0,skew,5.0,0.018,0.08,approximate (mapped sigma),2.471616703972941,2.322,0.1496167039729408,0.04699812706863651,3.183460986741858,0.0005
literal,0.00023753018254346614,250000,2520,0,skew,10.0,0.018,0.08,approximate (mapped sigma),4.344841425063527,4.655,-0.31015857493647303,0.6408598658100876,-0.4839725367173881,0.0005
literal,0.00023753018254346614,250000,2520,0,skew,1.0,0.0225,0.1,approximate (mapped sigma),1.1525333412322103,0.997,0.1555333412322103,0.0023643821957605145,65.78181036513104,0.0005
literal,0.00023753018254346614,250000,2520,0,skew,5.0,0.0225,0.1,approximate (mapped sigma),3.6260848844784532,3.314,0.3120848844784532,0.12192492315829806,2.5596479898803453,0.0005
literal,0.00023753018254346614,250000,2520,0,skew,10.0,0.0225,0.1,approximate (mapped sigma),7.2047406406981755,8.55,-1.3452593593018252,3.255078448506848,-0.41328016531181155,0.0005
literal,0.00023753018254346614,250000,2520,0,skew,1.0,0.027,0.12,approximate (mapped sigma),1.4301781649948109,1.222,0.2081781649948109,0.0023421761361960033,88.88236959536235,0.0005
literal,0.00023753018254346614,250000,2520,0,skew,5.0,0.027,0.12,approximate (mapped sigma),5.370504719454238,4.57,0.8005047194542376,0.32156793547257423,2.489379789305861,0.0005
literal,0.00023753018254346614,250000,2520,0,skew,10.0,0.027,0.12,approximate (mapped sigma),12.078737290075642,11.058,1.0207372900756422,13.428483725596141,0.0760128478340415,0.0005
literal,0.00023753018254346614,250000,2520,0,skew,1.0,0.0315,0.14,approximate (mapped sigma),1.7376929997752601,1.471,0.26669299977526006,0.002007656359308987,132.83797226486152,0.0005
literal,0.00023753018254346614,250000,2520,0,skew,5.0,0.0315,0.14,approximate (mapped sigma),8.171124607229038,8.352,-0.18087539277096276,0.8242787586798462,-0.21943473717635326,0.0005
literal,0.00023753018254346614,250000,2520,0,skew,10.0,0.0315,0.14,approximate (mapped sigma),20.11889164814375,23.849,-3.7301083518562486,38.75234879302294,-0.09625502628960197,0.0005
literal,0.00023753018254346614,250000,2520,0,skew,1.0,0.036,0.16,approximate (mapped sigma),2.083560243534625,1.724,0.35956024353462523,0.0017971618676632896,200.0711510767439,0.0005
literal,0.00023753018254346614,250000,2520,0,skew,5.0,0.036,0.16,approximate (mapped sigma),12.857028380852828,9.44,3.4170283808528286,2.0006105382706285,1.7079927929433896,0.0005
literal,0.00023753018254346614,250000,2520,0,skew,10.0,0.036,0.16,approximate (mapped sigma),32.38044745683572,61.148,-28.767552543164285,75.08580253279256,-0.38312905466516795,0.0005
literal,0.00023753018254346614,250000,2520,0,skew,1.0,0.0405,0.18,approximate (mapped sigma),2.4782500188400918,2.014,0.464250018840092,0.004860301626822379,95.51876704072262,0.0005
literal,0.00023753018254346614,250000,2520,0,skew,5.0,0.0405,0.18,approximate (mapped sigma),20.7975228384977,15.196,5.601522838497699,4.549329099746891,1.2312854743371606,0.0005
literal,0.00023753018254346614,250000,2520,0,skew,10.0,0.0405,0.18,approximate (mapped sigma),49.22023520276905,42.597,6.623235202769045,106.17360890083597,0.06238118183356671,0.0005
literal,0.00023753018254346614,250000,2520,0,skew,1.0,0.045,0.2,approximate (mapped sigma),2.934773577769942,2.306,0.6287735777699419,0.012982339311632873,48.43299521577956,0.0005
literal,0.00023753018254346614,250000,2520,0,skew,5.0,0.045,0.2,approximate (mapped sigma),33.96671844424204,23.814,10.15271844424204,9.61803595561277,1.05559165001013,0.0005
literal,0.00023753018254346614,250000,2520,0,skew,10.0,0.045,0.2,approximate (mapped sigma),69.92605738996397,53.323,16.603057389963972,123.60119818155849,0.13432764110891263,0.0005
literal,0.00023753018254346614,250000,2520,0,median,1.0,0.0,0.0,approximate (mapped sigma),0.06167781186447585,0.0617,-2.2188135524146835e-05,0.0,,5e-05
literal,0.00023753018254346614,250000,2520,0,median,5.0,0.0,0.0,approximate (mapped sigma),0.3488501525491676,0.3489,-4.9847450832363194e-05,0.0,,5e-05
literal,0.00023753018254346614,250000,2520,0,median,10.0,0.0,0.0,approximate (mapped sigma),0.8193967340319095,0.8194,-3.2659680905267052e-06,0.0,,5e-05
literal,0.00023753018254346614,250000,2520,0,median,1.0,0.0045,0.02,approximate (mapped sigma),0.05900267934240544,0.0594,-0.00039732065759456175,2.611307542927731e-05,-15.215391180967371,5e-05
literal,0.00023753018254346614,250000,2520,0,median,5.0,0.0045,0.02,approximate (mapped sigma),0.33212282984241315,0.333,-0.0008771701575868707,0.00037998003411628,-2.308463810807603,5e-05
literal,0.00023753018254346614,250000,2520,0,median,10.0,0.0045,0.02,approximate (mapped sigma),0.7746800745527858,0.7772,-0.002519925447214244,0.0010903085364871107,-2.3112039967450384,5e-05
literal,0.00023753018254346614,250000,2520,0,median,1.0,0.009,0.04,approximate (mapped sigma),0.05098092157969636,0.0524,-0.0014190784203036433,5.348407181702597e-05,-26.532729691158217,5e-05
literal,0.00023753018254346614,250000,2520,0,median,5.0,0.009,0.04,approximate (mapped sigma),0.2824943792424671,0.2876,-0.005105620757532903,0.0007359396894371046,-6.93755321368524,5e-05
literal,0.00023753018254346614,250000,2520,0,median,10.0,0.009,0.04,approximate (mapped sigma),0.6449615610254614,0.656,-0.0110384389745386,0.002055772043458863,-5.369485887144513,5e-05
literal,0.00023753018254346614,250000,2520,0,median,1.0,0.0135,0.06,approximate (mapped sigma),0.03773146868327182,0.0411,-0.0033685313167281794,9.164002235491176e-05,-36.758298723261184,5e-05
literal,0.00023753018254346614,250000,2520,0,median,5.0,0.0135,0.06,approximate (mapped sigma),0.20357337957028687,0.2142,-0.01062662042971313,0.0010355046286381715,-10.262262606868857,5e-05
literal,0.00023753018254346614,250000,2520,0,median,10.0,0.0135,0.06,approximate (mapped sigma),0.4491358198843679,0.4733,-0.024164180115632095,0.002867528386120333,-8.426832052506862,5e-05
literal,0.00023753018254346614,250000,2520,0,median,1.0,0.018,0.08,approximate (mapped sigma),0.019445908264950296,0.0246,-0.005154091735049705,0.0001245140043519096,-41.39367103223887,5e-05
literal,0.00023753018254346614,250000,2520,0,median,5.0,0.018,0.08,approximate (mapped sigma),0.10117918427358752,0.1157,-0.014520815726412478,0.0012953979074947245,-11.209540823248252,5e-05
literal,0.00023753018254346614,250000,2520,0,median,10.0,0.018,0.08,approximate (mapped sigma),0.21283314549245347,0.2432,-0.03036685450754653,0.003201357740447482,-9.485617344127835,5e-05
literal,0.00023753018254346614,250000,2520,0,median,1.0,0.0225,0.1,approximate (mapped sigma),-0.003615887246679217,0.0048,-0.008415887246679216,0.00015056401829759028,-55.895740176415764,5e-05
literal,0.00023753018254346614,250000,2520,0,median,5.0,0.0225,0.1,approximate (mapped sigma),-0.01806243229956761,0.0036,-0.02166243229956761,0.0013579952284445286,-15.951773500986551,5e-05
literal,0.00023753018254346614,250000,2520,0,median,10.0,0.0225,0.1,approximate (mapped sigma),-0.03545133140160511,0.0014,-0.03685133140160511,0.003172672031328676,-11.615235056669954,5e-05
literal,0.00023753018254346614,250000,2520,0,median,1.0,0.027,0.12,approximate (mapped sigma),-0.0310905316641773,-0.0194,-0.0116905316641773,0.00017835068524643663,-65.54800531337388,5e-05
literal,0.00023753018254346614,250000,2520,0,median,5.0,0.027,0.12,approximate (mapped sigma),-0.14645000212300308,-0.1218,-0.02465000212300307,0.0014648118566681144,-16.828101172714685,5e-05
literal,0.00023753018254346614,250000,2520,0,median,10.0,0.027,0.12,approximate (mapped sigma),-0.2712924430847601,-0.2348,-0.03649244308476007,0.0028336120684075206,-12.87841885331491,5e-05
literal,0.00023753018254346614,250000,2520,0,median,1.0,0.0315,0.14,approximate (mapped sigma),-0.06260358076115491,-0.0483,-0.014303580761154906,0.000223880644450053,-63.889313863155266,5e-05
literal,0.00023753018254346614,250000,2520,0,median,5.0,0.0315,0.14,approximate (mapped sigma),-0.2767583788703341,-0.2519,-0.024858378870334097,0.001504511973008678,-16.522553037994808,5e-05
literal,0.00023753018254346614,250000,2520,0,median,10.0,0.0315,0.14,approximate (mapped sigma),-0.47692499247484604,-0.4456,-0.03132499247484605,0.002269761495349843,-13.801006202203576,5e-05
literal,0.00023753018254346614,250000,2520,0,median,1.0,0.036,0.16,approximate (mapped sigma),-0.0977588872918283,-0.0802,-0.017558887291828307,0.0002420642632333916,-72.53812296488606,5e-05
literal,0.00023753018254346614,250000,2520,0,median,5.0,0.036,0.16,approximate (mapped sigma),-0.40283599385489277,-0.3798,-0.023035993854892745,0.001439227632371955,-16.005802929817083,5e-05
literal,0.00023753018254346614,250000,2520,0,median,10.0,0.036,0.16,approximate (mapped sigma),-0.6434025078997678,-0.6198,-0.02360250789976781,0.00172807538560069,-13.658262883921253,5e-05
literal,0.00023753018254346614,250000,2520,0,median,1.0,0.0405,0.18,approximate (mapped sigma),-0.13600950645447918,-0.1171,-0.018909506454479183,0.0002805457593548087,-67.40257453175104,5e-05
literal,0.00023753018254346614,250000,2520,0,median,5.0,0.0405,0.18,approximate (mapped sigma),-0.5195135624335291,-0.5032,-0.016313562433529105,0.0012810676286689067,-12.73434912291064,5e-05
literal,0.00023753018254346614,250000,2520,0,median,10.0,0.0405,0.18,approximate (mapped sigma),-0.769217818491652,-0.7574,-0.011817818491652088,0.0011786189008710613,-10.026836056097606,5e-05
literal,0.00023753018254346614,250000,2520,0,median,1.0,0.045,0.2,approximate (mapped sigma),-0.17691064699665698,-0.1555,-0.021410646996656985,0.00030672222692935025,-69.80468031613721,5e-05
literal,0.00023753018254346614,250000,2520,0,median,5.0,0.045,0.2,approximate (mapped sigma),-0.6233560644673612,-0.6104,-0.012956064467361195,0.0010977551597087206,-11.802326186104168,5e-05
literal,0.00023753018254346614,250000,2520,0,median,10.0,0.045,0.2,approximate (mapped sigma),-0.8581436495298268,-0.8528,-0.005343649529826799,0.0007718217023146897,-6.923424819231203,5e-05
literal,0.00023753018254346614,250000,2520,0,pct_positive,1.0,0.0,0.0,approximate (mapped sigma),1.0,1.0,0.0,0.0,,5e-05
literal,0.00023753018254346614,250000,2520,0,pct_positive,5.0,0.0,0.0,approximate (mapped sigma),1.0,1.0,0.0,0.0,,5e-05
literal,0.00023753018254346614,250000,2520,0,pct_positive,10.0,0.0,0.0,approximate (mapped sigma),1.0,1.0,0.0,0.0,,5e-05
literal,0.00023753018254346614,250000,2520,0,pct_positive,1.0,0.0045,0.02,approximate (mapped sigma),0.7889008,0.7977,-0.008799200000000007,0.0003041082175804871,-28.93443679361002,5e-05
literal,0.00023753018254346614,250000,2520,0,pct_positive,5.0,0.0045,0.02,approximate (mapped sigma),0.963652,0.9682,-0.0045479999999999965,0.0001474001356851456,-30.854788422412053,5e-05
literal,0.00023753018254346614,250000,2520,0,pct_positive,10.0,0.0045,0.02,approximate (mapped sigma),0.994348,0.9957,-0.0013520000000000199,0.00010116916526296977,-13.363755611561647,5e-05
literal,0.00023753018254346614,250000,2520,0,pct_positive,1.0,0.009,0.04,approximate (mapped sigma),0.6362232,0.6439,-0.007676800000000039,0.0002561291236856926,-29.972382248184243,5e-05
literal,0.00023753018254346614,250000,2520,0,pct_positive,5.0,0.009,0.04,approximate (mapped sigma),0.782024,0.7927,-0.010675999999999908,0.0006146049137454012,-17.3705086979217,5e-05
literal,0.00023753018254346614,250000,2520,0,pct_positive,10.0,0.009,0.04,approximate (mapped sigma),0.86488,0.8749,-0.010020000000000029,0.0008371351145424337,-11.969393979461511,5e-05
literal,0.00023753018254346614,250000,2520,0,pct_positive,1.0,0.0135,0.06,approximate (mapped sigma),0.568762,0.5769,-0.008137999999999979,0.00026096997528454524,-31.183663910481716,5e-05
literal,0.00023753018254346614,250000,2520,0,pct_positive,5.0,0.0135,0.06,approximate (mapped sigma),0.64988,0.6612,-0.011319999999999997,0.0005329634133784477,-21.239731876232693,5e-05
literal,0.00023753018254346614,250000,2520,0,pct_positive,10.0,0.0135,0.06,approximate (mapped sigma),0.707816,0.7209,-0.013083999999999985,0.000978161540851003,-13.3761137128913,5e-05
literal,0.00023753018254346614,250000,2520,0,pct_positive,1.0,0.018,0.08,approximate (mapped sigma),0.5268804,0.5349,-0.008019600000000016,0.00021194421907668086,-37.83825779696565,5e-05
literal,0.00023753018254346614,250000,2520,0,pct_positive,5.0,0.018,0.08,approximate (mapped sigma),0.559482,0.5699,-0.010417999999999927,0.0005615809825840031,-18.55119799830752,5e-05
literal,0.00023753018254346614,250000,2520,0,pct_positive,10.0,0.018,0.08,approximate (mapped sigma),0.584812,0.5968,-0.011987999999999999,0.001193296610235716,-10.046119210572439,5e-05
literal,0.00023753018254346614,250000,2520,0,pct_positive,1.0,0.0225,0.1,approximate (mapped sigma),0.4960032,0.5056,-0.009596800000000072,0.00018126590412980442,-52.9432164646243,5e-05
literal,0.00023753018254346614,250000,2520,0,pct_positive,5.0,0.0225,0.1,approximate (mapped sigma),0.490898,0.5018,-0.010902000000000023,0.0007604380316633336,-14.33647390853622,5e-05
literal,0.00023753018254346614,250000,2520,0,pct_positive,10.0,0.0225,0.1,approximate (mapped sigma),0.487076,0.5005,-0.013423999999999936,0.0009494899683514336,-14.138116723136696,5e-05
literal,0.00023753018254346614,250000,2520,0,pct_positive,1.0,0.027,0.12,approximate (mapped sigma),0.4707044,0.4814,-0.010695599999999972,0.00022649037065623035,-47.22319968398954,5e-05
literal,0.00023753018254346614,250000,2520,0,pct_positive,5.0,0.027,0.12,approximate (mapped sigma),0.434338,0.4455,-0.011162000000000005,0.0007952853575918463,-14.03521376754497,5e-05
literal,0.00023753018254346614,250000,2520,0,pct_positive,10.0,0.027,0.12,approximate (mapped sigma),0.407536,0.4206,-0.013063999999999965,0.0007948433807990372,-16.43594237001387,5e-05
literal,0.00023753018254346614,250000,2520,0,pct_positive,1.0,0.0315,0.14,approximate (mapped sigma),0.448606,0.46,-0.011394000000000015,0.00017964066354809327,-63.42661942433553,5e-05
literal,0.00023753018254346614,250000,2520,0,pct_positive,5.0,0.0315,0.14,approximate (mapped sigma),0.385638,0.3966,-0.010962000000000027,0.0004685326029210741,-23.396450816138003,5e-05
literal,0.00023753018254346614,250000,2520,0,pct_positive,10.0,0.0315,0.14,approximate (mapped sigma),0.340968,0.3524,-0.011431999999999998,0.0007383960996646586,-15.48220528953474,5e-05
literal,0.00023753018254346614,250000,2520,0,pct_positive,1.0,0.036,0.16,approximate (mapped sigma),0.4286252,0.4412,-0.012574799999999997,0.00020115001367138305,-62.51453713815468,5e-05
literal,0.00023753018254346614,250000,2520,0,pct_positive,5.0,0.036,0.16,approximate (mapped sigma),0.343142,0.3537,-0.010558000000000012,0.0005510499069957193,-19.159789097073617,5e-05
literal,0.00023753018254346614,250000,2520,0,pct_positive,10.0,0.036,0.16,approximate (mapped sigma),0.284228,0.2947,-0.010472000000000037,0.0005796371278653662,-18.066475552670937,5e-05
literal,0.00023753018254346614,250000,2520,0,pct_positive,1.0,0.0405,0.18,approximate (mapped sigma),0.41011,0.4231,-0.012990000000000002,0.00018840819515083626,-68.94604552418984,5e-05
literal,0.00023753018254346614,250000,2520,0,pct_positive,5.0,0.0405,0.18,approximate (mapped sigma),0.305254,0.3137,-0.008445999999999954,0.0006083656795053486,-13.883097427302681,5e-05
literal,0.00023753018254346614,250000,2520,0,pct_positive,10.0,0.0405,0.18,approximate (mapped sigma),0.23544,0.242,-0.0065599999999999825,0.0005852794204480462,-11.208321650841809,5e-05
literal,0.00023753018254346614,250000,2520,0,pct_positive,1.0,0.045,0.2,approximate (mapped sigma),0.392684,0.4073,-0.014616000000000018,0.00018547681256697062,-78.80230308962517,5e-05
literal,0.00023753018254346614,250000,2520,0,pct_positive,5.0,0.045,0.2,approximate (mapped sigma),0.270814,0.2793,-0.008485999999999994,0.0005914467008953435,-14.347869363636185,5e-05
literal,0.00023753018254346614,250000,2520,0,pct_positive,10.0,0.045,0.2,approximate (mapped sigma),0.193076,0.2002,-0.0071239999999999915,0.0006068238624180862,-11.739815193839126,5e-05
literal,0.00023753018254346614,250000,2520,0,p99,1.0,0.0,0.0,approximate (mapped sigma),0.06167781186447585,0.062,-0.0003221881355241485,0.0,,0.0005
literal,0.00023753018254346614,250000,2520,0,p99,5.0,0.0,0.0,approximate (mapped sigma),0.3488501525491676,0.349,-0.00014984745083235218,0.0,,0.0005
literal,0.00023753018254346614,250000,2520,0,p99,10.0,0.0,0.0,approximate (mapped sigma),0.8193967340319095,0.819,0.00039673403190954026,0.0,,0.0005
literal,0.00023753018254346614,250000,2520,0,p99,1.0,0.0045,0.02,approximate (mapped sigma),0.2503664304315066,0.242,0.008366430431506588,7.668330622062612e-05,109.10367384832715,0.0005
literal,0.00023753018254346614,250000,2520,0,p99,5.0,0.0045,0.02,approximate (mapped sigma),0.9321799959048473,0.905,0.02717999590484732,0.001258294462096595,21.600664012745852,0.0005
literal,0.00023753018254346614,250000,2520,0,p99,10.0,0.0045,0.02,approximate (mapped sigma),2.002726208020834,1.948,0.054726208020833944,0.004404436042230703,12.425247522295026,0.0005
literal,0.00023753018254346614,250000,2520,0,p99,1.0,0.009,0.04,approximate (mapped sigma),0.46504246271997546,0.446,0.01904246271997545,0.00014177608384616754,134.31364588005724,0.0005
literal,0.00023753018254346614,250000,2520,0,p99,5.0,0.009,0.04,approximate (mapped sigma),1.6981758618906373,1.631,0.06717586189063729,0.003466045476801197,19.38112536037285,0.0005
literal,0.00023753018254346614,250000,2520,0,p99,10.0,0.009,0.04,approximate (mapped sigma),3.7095864742022737,3.559,0.15058647420227356,0.013345351902147872,11.283814417665328,0.0005
literal,0.00023753018254346614,250000,2520,0,p99,1.0,0.0135,0.06,approximate (mapped sigma),0.7077465439990638,0.671,0.03674654399906374,0.0002577979270593679,142.54010657968337,0.0005
literal,0.00023753018254346614,250000,2520,0,p99,5.0,0.0135,0.06,approximate (mapped sigma),2.670926925630062,2.552,0.11892692563006202,0.006804352413639563,17.478066743231704,0.0005
literal,0.00023753018254346614,250000,2520,0,p99,10.0,0.0135,0.06,approximate (mapped sigma),6.020485163985972,5.772,0.24848516398597198,0.028532989364368207,8.708697179002158,0.0005
literal,0.00023753018254346614,250000,2520,0,p99,1.0,0.018,0.08,approximate (mapped sigma),0.9803746978021421,0.921,0.05937469780214211,0.0003084691452640963,192.4818047889632,0.0005
literal,0.00023753018254346614,250000,2520,0,p99,5.0,0.018,0.08,approximate (mapped sigma),3.871106787477242,3.665,0.20610678747724176,0.010418696530695168,19.78239666257845,0.0005
literal,0.00023753018254346614,250000,2520,0,p99,10.0,0.018,0.08,approximate (mapped sigma),8.948849953086071,8.392,0.556849953086072,0.05367601462866507,10.37427903204819,0.0005
literal,0.00023753018254346614,250000,2520,0,p99,1.0,0.0225,0.1,approximate (mapped sigma),1.2849150027441223,1.201,0.08391500274412222,0.0005298357582375645,158.37927402872066,0.0005
literal,0.00023753018254346614,250000,2520,0,p99,5.0,0.0225,0.1,approximate (mapped sigma),5.302010348193101,4.988,0.3140103481931007,0.019013399921284143,16.51521292841416,0.0005
literal,0.00023753018254346614,250000,2520,0,p99,10.0,0.0225,0.1,approximate (mapped sigma),12.402410282820927,11.688,0.7144102828209267,0.09479394186838831,7.536455059678943,0.0005
literal,0.00023753018254346614,250000,2520,0,p99,1.0,0.027,0.12,approximate (mapped sigma),1.6229784042612132,1.508,0.1149784042612132,0.0006099429704642287,188.5068110116966,0.0005
literal,0.00023753018254346614,250000,2520,0,p99,5.0,0.027,0.12,approximate (mapped sigma),6.944945434955131,6.551,0.393945434955131,0.02660609447493079,14.806586337815212,0.0005
literal,0.00023753018254346614,250000,2520,0,p99,10.0,0.027,0.12,approximate (mapped sigma),16.170631528179054,15.25,0.9206315281790545,0.15370610681367705,5.989557261345813,0.0005
literal,0.00023753018254346614,250000,2520,0,p99,1.0,0.0315,0.14,approximate (mapped sigma),1.9959411662479514,1.848,0.14794116624795128,0.0006178994738921228,239.42594628876458,0.0005
literal,0.00023753018254346614,250000,2520,0,p99,5.0,0.0315,0.14,approximate (mapped sigma),8.765728479198861,8.193,0.5727284791988616,0.037384772338010006,15.319833273842212,0.0005
literal,0.00023753018254346614,250000,2520,0,p99,10.0,0.0315,0.14,approximate (mapped sigma),19.902505720735274,19.153,0.7495057207352751,0.2247355160662182,3.3350568430600602,0.0005
literal,0.00023753018254346614,250000,2520,0,p99,1.0,0.036,0.16,approximate (mapped sigma),2.4044656853396007,2.215,0.18946568533960084,0.0010385087300535981,182.44014696903164,0.0005
literal,0.00023753018254346614,250000,2520,0,p99,5.0,0.036,0.16,approximate (mapped sigma),10.703850911650912,10.179,0.5248509116509119,0.0556907057745497,9.424389659840967,0.0005
literal,0.00023753018254346614,250000,2520,0,p99,10.0,0.036,0.16,approximate (mapped sigma),23.164527836274456,22.589,0.5755278362744569,0.2891359612468162,1.9905093568875267,0.0005
literal,0.00023753018254346614,250000,2520,0,p99,1.0,0.0405,0.18,approximate (mapped sigma),2.8497387124837825,2.615,0.2347387124837823,0.0018373054085945545,127.76248923326554,0.0005
literal,0.00023753018254346614,250000,2520,0,p99,5.0,0.0405,0.18,approximate (mapped sigma),12.68276676155432,12.055,0.6277667615543194,0.06924253763110225,9.066200965926763,0.0005
literal,0.00023753018254346614,250000,2520,0,p99,10.0,0.0405,0.18,approximate (mapped sigma),25.516235775160364,24.857,0.659235775160365,0.3268998507470476,2.0166291714537254,0.0005
literal,0.00023753018254346614,250000,2520,0,p99,1.0,0.045,0.2,approximate (mapped sigma),3.3303104902439027,3.047,0.28331049024390254,0.0018644929542954737,151.95042147582456,0.0005
literal,0.00023753018254346614,250000,2520,0,p99,5.0,0.045,0.2,approximate (mapped sigma),14.589483309556101,14.147,0.44248330955610093,0.0807484532980105,5.479774428905413,0.0005
literal,0.00023753018254346614,250000,2520,0,p99,10.0,0.045,0.2,approximate (mapped sigma),26.727293615416862,27.266,-0.5387063845831364,0.37056635647186836,-1.4537379747911152,0.0005
