return_model,mu,n_paths,n_periods,main_seed,horizon_years,sigma,paper_sigma,exact_skew,paper,ours,skew_min,skew_max,n_seeds,seeds_below_exact,skew_bound,near_bound,outside_seed_interval,warning
literal,2.5e-05,250000,2520,0,1.0,0.0,0.0,,0.0,,,,5,0,1581.1378814007335,,,not applicable
literal,2.5e-05,250000,2520,0,1.0,0.0045,0.02,0.21407879671194657,0.188,0.21740471454598317,0.21204877047799445,0.21740471454598317,5,3,1581.1378814007335,False,False,no warning triggered
literal,2.5e-05,250000,2520,0,1.0,0.009,0.04,0.4319690919860714,0.385,0.4349403850168678,0.42974041359484755,0.4349403850168678,5,3,1581.1378814007335,False,False,no warning triggered
literal,2.5e-05,250000,2520,0,1.0,0.0135,0.06,0.657682559982017,0.579,0.6603704007995116,0.6551563780487457,0.6603704007995116,5,3,1581.1378814007335,False,False,no warning triggered
literal,2.5e-05,250000,2520,0,1.0,0.018,0.08,0.8956484027999715,0.779,0.8980186280937923,0.892399097526174,0.8980186280937923,5,2,1581.1378814007335,False,False,no warning triggered
literal,2.5e-05,250000,2520,0,1.0,0.0225,0.1,1.1509670736168087,0.997,1.1528150919930042,1.146909092077656,1.1528150919930042,5,3,1581.1378814007335,False,False,no warning triggered
literal,2.5e-05,250000,2520,0,1.0,0.027,0.12,1.4297238964560604,1.222,1.43054964977178,1.4249156067028572,1.43054964977178,5,3,1581.1378814007335,False,False,no warning triggered
literal,2.5e-05,250000,2520,0,1.0,0.0315,0.14,1.7393934012558303,1.471,1.7381767270321424,1.734249550154345,1.7397551672020144,5,4,1581.1378814007335,False,False,no warning triggered
literal,2.5e-05,250000,2520,0,1.0,0.036,0.16,2.089376557536626,1.724,2.0841865684706526,2.0841865684706526,2.088241509024514,5,5,1581.1378814007335,False,False,no warning triggered
literal,2.5e-05,250000,2520,0,1.0,0.0405,0.18,2.4917303025801765,2.014,2.479059586633273,2.479059586633273,2.4909785271964333,5,5,1581.1378814007335,False,False,no warning triggered
literal,2.5e-05,250000,2520,0,1.0,0.045,0.2,2.9621745914620203,2.306,2.9358205281917513,2.9358205281917513,2.970557670005323,5,4,1581.1378814007335,False,False,no warning triggered
literal,2.5e-05,250000,2520,0,5.0,0.0,0.0,,0.0,,,,5,0,707.1046598644361,,,not applicable
literal,2.5e-05,250000,2520,0,5.0,0.0045,0.02,0.48601220359352404,0.46,0.48758658223347656,0.48758658223347656,0.4980241115979759,5,0,707.1046598644361,False,False,no warning triggered
literal,2.5e-05,250000,2520,0,5.0,0.009,0.04,1.0176002295776736,0.959,1.0178936362121656,1.0178936362121656,1.038420080616401,5,0,707.1046598644361,False,False,no warning triggered
literal,2.5e-05,250000,2520,0,5.0,0.0135,0.06,1.653324514443664,1.549,1.6507641728209854,1.6507641728209854,1.6994461833843035,5,1,707.1046598644361,False,False,no warning triggered
literal,2.5e-05,250000,2520,0,5.0,0.018,0.08,2.4839454885207632,2.322,2.472430209754815,2.472430209754815,2.597898177177343,5,1,707.1046598644361,False,False,no warning triggered
literal,2.5e-05,250000,2520,0,5.0,0.0225,0.1,3.6683241509753617,3.314,3.62756581009005,3.62756581009005,3.952965049603001,5,1,707.1046598644361,False,False,no warning triggered
literal,2.5e-05,250000,2520,0,5.0,0.027,0.12,5.508622398735592,4.57,5.373273393012237,5.373273393012237,6.181193609671763,5,2,707.1046598644361,False,False,no warning triggered
literal,2.5e-05,250000,2520,0,5.0,0.0315,0.14,8.618967237294743,8.352,8.17643101762504,7.957842379730016,10.025282277880692,5,3,707.1046598644361,False,False,no warning triggered
literal,2.5e-05,250000,2520,0,5.0,0.036,0.16,14.325154406496894,9.44,12.867289902382078,11.691949969804185,16.635429245341435,5,3,707.1046598644361,False,False,no warning triggered
literal,2.5e-05,250000,2520,0,5.0,0.0405,0.18,25.662647427019994,15.196,20.817006702435172,17.0180841632353,27.424250641712682,5,3,707.1046598644361,False,False,no warning triggered
literal,2.5e-05,250000,2520,0,5.0,0.045,0.2,50.00227774692706,23.814,34.00191471391836,24.303418422649152,47.56029335257786,5,5,707.1046598644361,False,False,no warning triggered
literal,2.5e-05,250000,2520,0,10.0,0.0,0.0,,0.0,,,,5,0,499.996999995,,,not applicable
literal,2.5e-05,250000,2520,0,10.0,0.0045,0.02,0.698088358860759,0.667,0.693943314406159,0.6938528196389173,0.7086446274031486,5,2,499.996999995,False,False,no warning triggered
literal,2.5e-05,250000,2520,0,10.0,0.009,0.04,1.534408475851114,1.478,1.5108318830376253,1.5108318830376253,1.5723633933451076,5,2,499.996999995,False,False,no warning triggered
literal,2.5e-05,250000,2520,0,10.0,0.0135,0.06,2.7329691905181197,2.618,2.627155025895075,2.627155025895075,2.9359493063096935,5,2,499.996999995,False,False,no warning triggered
literal,2.5e-05,250000,2520,0,10.0,0.018,0.08,4.781801662985507,4.655,4.346689757776966,4.346689757776966,5.9762186095234044,5,2,499.996999995,False,False,no warning triggered
literal,2.5e-05,250000,2520,0,10.0,0.0225,0.1,8.941414291562308,8.55,7.208664801941157,7.208664801941157,15.364763328099924,5,2,499.996999995,False,False,no warning triggered
literal,2.5e-05,250000,2520,0,10.0,0.027,0.12,18.917370341508295,11.058,12.086715374818572,12.086715374818572,45.22894948622783,5,3,499.996999995,False,False,no warning triggered
literal,2.5e-05,250000,2520,0,10.0,0.0315,0.14,47.009941939256905,23.849,20.133792434060805,20.133792434060805,115.07320893094335,5,3,499.996999995,False,False,no warning triggered
literal,2.5e-05,250000,2520,0,10.0,0.036,0.16,139.3472698383194,61.148,32.40523778991073,32.40523778991073,216.51712431025734,5,4,499.996999995,True,False,warning triggered
literal,2.5e-05,250000,2520,0,10.0,0.0405,0.18,491.7879910211732,42.597,49.256545675676854,49.256545675676854,311.7788493516605,5,5,499.996999995,True,True,warning triggered
literal,2.5e-05,250000,2520,0,10.0,0.045,0.2,2048.0174760236914,53.323,69.97315526934592,69.97315526934592,379.90683584265344,5,5,499.996999995,True,True,warning triggered
literal,0.00023753018254346614,250000,2520,0,1.0,0.0,0.0,,0.0,,,,5,0,1581.1378814007335,,,not applicable
literal,0.00023753018254346614,250000,2520,0,1.0,0.0045,0.02,0.21403304153384878,0.188,0.21735904796440933,0.21200306784061076,0.21735904796440933,5,3,1581.1378814007335,False,False,no warning triggered
literal,0.00023753018254346614,250000,2520,0,1.0,0.009,0.04,0.43187513153516616,0.385,0.4348465540958842,0.42964651820210464,0.4348465540958842,5,3,1581.1378814007335,False,False,no warning triggered
literal,0.00023753018254346614,250000,2520,0,1.0,0.0135,0.06,0.6575352790975091,0.579,0.660223297803827,0.6550095192213771,0.660223297803827,5,3,1581.1378814007335,False,False,no warning triggered
literal,0.00023753018254346614,250000,2520,0,1.0,0.018,0.08,0.8954395654299798,0.779,0.8978101166806555,0.8921909218541648,0.8978101166806555,5,2,1581.1378814007335,False,False,no warning triggered
literal,0.00023753018254346614,250000,2520,0,1.0,0.0225,0.1,1.1506845704593154,0.997,1.1525333412322103,1.1466274563670715,1.1525333412322103,5,3,1581.1378814007335,False,False,no warning triggered
literal,0.00023753018254346614,250000,2520,0,1.0,0.027,0.12,1.4293506020476845,1.222,1.4301781649948109,1.4245431130633104,1.4301781649948109,5,3,1581.1378814007335,False,False,no warning triggered
literal,0.00023753018254346614,250000,2520,0,1.0,0.0315,0.14,1.7389054934320045,1.471,1.7376929997752601,1.7337615265196036,1.739268511233707,5,4,1581.1378814007335,False,False,no warning triggered
literal,0.00023753018254346614,250000,2520,0,1.0,0.036,0.16,2.0887410754828,1.724,2.083560243534625,2.083560243534625,2.0876099423801713,5,5,1581.1378814007335,False,False,no warning triggered
literal,0.00023753018254346614,250000,2520,0,1.0,0.0405,0.18,2.4909016059126103,2.014,2.4782500188400918,2.4782500188400918,2.4901389298072742,5,5,1581.1378814007335,False,False,no warning triggered
literal,0.00023753018254346614,250000,2520,0,1.0,0.045,0.2,2.961089211221359,2.306,2.934773577769942,2.934773577769942,2.9694438134353685,5,4,1581.1378814007335,False,False,no warning triggered
literal,0.00023753018254346614,250000,2520,0,5.0,0.0,0.0,,0.0,,,,5,0,707.1046598644361,,,not applicable
literal,0.00023753018254346614,250000,2520,0,5.0,0.0045,0.02,0.4859058357303968,0.46,0.48748045659186684,0.48748045659186684,0.4979167555023347,5,0,707.1046598644361,False,False,no warning triggered
literal,0.00023753018254346614,250000,2520,0,5.0,0.009,0.04,1.017357148834277,0.959,1.0176512650573581,1.0176512650573581,1.038170842630711,5,0,707.1046598644361,False,False,no warning triggered
literal,0.00023753018254346614,250000,2520,0,5.0,0.0135,0.06,1.6528694255957959,1.549,1.650312076769135,1.650312076769135,1.6989655144309124,5,1,707.1046598644361,False,False,no warning triggered
literal,0.00023753018254346614,250000,2520,0,5.0,0.018,0.08,2.483118994885695,2.322,2.471616703972941,2.471616703972941,2.596982358343645,5,1,707.1046598644361,False,False,no warning triggered
literal,0.00023753018254346614,250000,2520,0,5.0,0.0225,0.1,3.666790401019272,3.314,3.6260848844784532,3.6260848844784532,3.951159961569726,5,1,707.1046598644361,False,False,no warning triggered
literal,0.00023753018254346614,250000,2520,0,5.0,0.027,0.12,5.505649066223003,4.57,5.370504719454238,5.370504719454238,6.177524663465419,5,2,707.1046598644361,False,False,no warning triggered
literal,0.00023753018254346614,250000,2520,0,5.0,0.0315,0.14,8.612880676034377,8.352,8.171124607229038,7.953273888177292,10.017844126653435,5,3,707.1046598644361,False,False,no warning triggered
literal,0.00023753018254346614,250000,2520,0,5.0,0.036,0.16,14.311926501825493,9.44,12.857028380852828,11.684364753317194,16.6210520618876,5,3,707.1046598644361,False,False,no warning triggered
literal,0.00023753018254346614,250000,2520,0,5.0,0.0405,0.18,25.63204663802998,15.196,20.7975228384977,17.00613386141076,27.39877934255203,5,3,707.1046598644361,False,False,no warning triggered
literal,0.00023753018254346614,250000,2520,0,5.0,0.045,0.2,49.926845039338886,23.814,33.96671844424204,24.28565012359917,47.503953994749374,5,5,707.1046598644361,False,False,no warning triggered
literal,0.00023753018254346614,250000,2520,0,10.0,0.0,0.0,,0.0,,,,5,0,499.996999995,,,not applicable
literal,0.00023753018254346614,250000,2520,0,10.0,0.0045,0.02,0.6979310090416945,0.667,0.6937877244800625,0.6936969471524396,0.7084855654035304,5,2,499.996999995,False,False,no warning triggered
literal,0.00023753018254346614,250000,2520,0,10.0,0.009,0.04,1.5339976181024393,1.478,1.510436837564723,1.510436837564723,1.5719271544361495,5,2,499.996999995,False,False,no warning triggered
literal,0.00023753018254346614,250000,2520,0,10.0,0.0135,0.06,2.7320102756578444,2.618,2.6262934919981076,2.6262934919981076,2.9347635099732963,5,2,499.996999995,False,False,no warning triggered
literal,0.00023753018254346614,250000,2520,0,10.0,0.018,0.08,4.779438794995022,4.655,4.344841425063527,4.344841425063527,5.972072196579868,5,2,499.996999995,False,False,no warning triggered
literal,0.00023753018254346614,250000,2520,0,10.0,0.0225,0.1,8.934960923215518,8.55,7.2047406406981755,7.2047406406981755,15.347560580996236,5,2,499.996999995,False,False,no warning triggered
literal,0.00023753018254346614,250000,2520,0,10.0,0.027,0.12,18.89747633413092,11.058,12.078737290075642,12.078737290075642,45.16838728905882,5,3,499.996999995,False,False,no warning triggered
literal,0.00023753018254346614,250000,2520,0,10.0,0.0315,0.14,46.94024850763216,23.849,20.11889164814375,20.11889164814375,114.9380057785328,5,3,499.996999995,False,False,no warning triggered
literal,0.00023753018254346614,250000,2520,0,10.0,0.036,0.16,139.06924174393785,61.148,32.38044745683572,32.38044745683572,216.33953225219267,5,4,499.996999995,True,False,warning triggered
literal,0.00023753018254346614,250000,2520,0,10.0,0.0405,0.18,490.5244389195903,42.597,49.22023520276905,49.22023520276905,311.6207982390943,5,5,499.996999995,True,True,warning triggered
literal,0.00023753018254346614,250000,2520,0,10.0,0.045,0.2,2041.473963016811,53.323,69.92605738996397,69.92605738996397,379.79119796164343,5,5,499.996999995,True,True,warning triggered
