kind,n_windows,exact_mean,exact_sd,exact_skew,exact_kurt,universe,weighting
year,90,0.17088980556636293,0.3715787941081918,1.7132601389298543,16.780236001378224,ff49,ew
decade,9,2.6769600586187505,2.6675215879040644,4.764260783528303,155.7299726944283,ff49,ew
full,1,73682.33285526623,271012.927590794,80.25111446350958,169202.83919022378,ff49,ew
rolling120,967,3.0574734285486898,3.083596549888999,3.819555241975403,82.70590018517504,ff49,ew
year,90,0.13241958323469613,0.3014351285779301,1.329593309209363,17.49999060234188,ff49,vw
decade,9,1.968548335879438,1.9152277126794917,2.996744202224272,74.10763536556352,ff49,vw
full,1,11813.311675954345,44675.0874228181,78.60830544173304,137551.688565274,ff49,vw
rolling120,967,2.2155977513874565,2.1205507822176357,1.9932888006816252,23.7604732827476,ff49,vw
year,90,0.16745521893188647,0.31324331957880686,0.4956788954802742,4.286093278702334,ff12,ew
decade,9,2.6185637080947366,1.778009177569933,1.5391489902567286,6.865724479032944,ff12,ew
full,1,67728.85972548448,92619.67598049462,6.752437994238345,143.0936258116007,ff12,ew
rolling120,967,2.994042822064175,2.288370455135184,1.6936585267506572,8.088095330854712,ff12,ew
year,90,0.12524329024885272,0.23017144110134313,0.0705167780092682,3.9476531442077225,ff12,vw
decade,9,1.9169341264829507,1.3500583354147315,1.001419073153238,4.42414666196893,ff12,vw
full,1,9926.820170458739,13340.948231193968,6.466032209534602,127.17617660371191,ff12,vw
rolling120,967,2.1031511125497433,1.6366031251715871,0.9669979583189754,4.475718748219679,ff12,vw
