seed,sigma,horizon_years,stat,daily,implied,monthly,paper,total,grid,model,residual
0,0.0,1.0,median,0.06167781186447585,0.061677811864498056,0.061677811864498056,0.0617,-2.2188135524146835e-05,0.0,-2.220446049250313e-14,-2.2188135501942374e-05
0,0.0,5.0,median,0.3488501525491676,0.3488501525493075,0.3488501525493075,0.3489,-4.9847450832363194e-05,0.0,-1.3988810110276972e-13,-4.984745069247509e-05
0,0.0,10.0,median,0.8193967340319095,0.819396734032291,0.819396734032291,0.8194,-3.2659680905267052e-06,0.0,-3.814726312612038e-13,-3.265967709054074e-06
0,0.0045,1.0,median,0.05900267934240544,0.05927208046128196,0.05944193117368368,0.0594,-0.00039732065759456175,-0.00016985071240172012,-0.0002694011188765222,4.1931173683680545e-05
0,0.0045,5.0,median,0.33212282984241315,0.332249562522991,0.3333892210289814,0.333,-0.0008771701575868707,-0.001139658505990404,-0.0001267326805778346,0.000389221028981368
0,0.0045,10.0,median,0.7746800745527858,0.7737700131257204,0.7768721717533985,0.7772,-0.002519925447214244,-0.003102158627678153,0.0009100614270654006,-0.00032782824660149146
0,0.009,1.0,median,0.05098092157969636,0.05191719854841215,0.05259638886174034,0.0524,-0.0014190784203036433,-0.0006791903133281929,-0.0009362769687157879,0.00019638886174033754
0,0.009,5.0,median,0.2824943792424671,0.2833549989848222,0.2878067759095243,0.2876,-0.005105620757532903,-0.004451776924702111,-0.0008606197423550732,0.0002067759095242816
0,0.009,10.0,median,0.6449615610254614,0.6434969283924465,0.6551358944899933,0.656,-0.0110384389745386,-0.011638966097546777,0.001464632633014884,-0.0008641055100067074
0,0.0135,1.0,median,0.03773146868327182,0.039640022505801564,0.04118604614264154,0.0411,-0.0033685313167281794,-0.0015460236368399771,-0.001908553822529746,8.604614264154375e-05
0,0.0135,5.0,median,0.20357337957028687,0.20505007895034089,0.2146414101614771,0.2142,-0.01062662042971313,-0.0095913312111362,-0.001476699380054014,0.0004414101614770849
0,0.0135,10.0,median,0.4491358198843679,0.4463360481080968,0.4697857347933908,0.4733,-0.024164180115632095,-0.023449686685294013,0.0027997717762711094,-0.0035142652066091906
0,0.018,1.0,median,0.019445908264950296,0.022563242908146486,0.025331421886060745,0.0246,-0.005154091735049705,-0.0027681789779142596,-0.00311733464319619,0.0007314218860607451
0,0.018,5.0,median,0.10117918427358752,0.10234790018460549,0.1184831060839745,0.1157,-0.014520815726412478,-0.01613520589936901,-0.0011687159110179701,0.0027831060839745014
0,0.018,10.0,median,0.21283314549245347,0.20776911716022473,0.2436914728696128,0.2432,-0.03036685450754653,-0.035922355709388065,0.005064028332228743,0.0004914728696127912
0,0.0225,1.0,median,-0.003615887246679217,0.0006872321463126108,0.005079935615150855,0.0048,-0.008415887246679216,-0.004392703468838244,-0.004303119392991828,0.000279935615150855
0,0.0225,5.0,median,-0.01806243229956761,-0.018425925327705317,0.004980527169833215,0.0036,-0.02166243229956761,-0.023406452497538532,0.0003634930281377069,0.0013805271698332155
0,0.0225,10.0,median,-0.03545133140160511,-0.045151527869605634,0.001298641045487714,0.0014,-0.03685133140160511,-0.04645016891509335,0.009700196468000521,-0.00010135895451228601
0,0.027,1.0,median,-0.0310905316641773,-0.025757383997481897,-0.019317794235442387,-0.0194,-0.0116905316641773,-0.00643958976203951,-0.005333147666695404,8.220576455761353e-05
0,0.027,5.0,median,-0.14645000212300308,-0.15087118811262662,-0.12004286934609848,-0.1218,-0.02465000212300307,-0.03082831876652814,0.004421185989623544,0.0017571306539015258
0,0.027,10.0,median,-0.2712924430847601,-0.2880402220011066,-0.2347957892465013,-0.2348,-0.03649244308476007,-0.05324443275460533,0.016747778916346545,4.210753498712361e-06
0,0.0315,1.0,median,-0.06260358076115491,-0.05676128073443665,-0.0478249496869016,-0.0483,-0.014303580761154906,-0.008936331047535051,-0.005842300026718261,0.000475050313098406
0,0.0315,5.0,median,-0.2767583788703341,-0.28724936457407024,-0.24992830334511001,-0.2519,-0.024858378870334097,-0.03732106122896023,0.010490985703736133,0.0019716966548899983
0,0.0315,10.0,median,-0.47692499247484604,-0.4999054634798261,-0.44563544432975766,-0.4456,-0.03132499247484605,-0.05427001915006846,0.022980471004980074,-3.544432975766121e-05
0,0.036,1.0,median,-0.0977588872918283,-0.09193304074820846,-0.08009983811220517,-0.0802,-0.017558887291828307,-0.011833202636003293,-0.005825846543619839,0.00010016188779482516
0,0.036,5.0,median,-0.40283599385489277,-0.42068553636664974,-0.37821020799395405,-0.3798,-0.023035993854892745,-0.042475328372695687,0.017849542511756966,0.0015897920060459758
0,0.036,10.0,median,-0.6434025078997678,-0.6709787501569207,-0.6203387048165641,-0.6198,-0.02360250789976781,-0.0506400453403566,0.027576242257152828,-0.0005387048165640396
0,0.0405,1.0,median,-0.13600950645447918,-0.1312559829915888,-0.11588668411659214,-0.1171,-0.018909506454479183,-0.015369298874996662,-0.004753523462890374,0.0012133158834078533
0,0.0405,5.0,median,-0.5195135624335291,-0.5453513846950653,-0.4996852430834773,-0.5032,-0.016313562433529105,-0.045666141611587996,0.025837822261536192,0.003514756916522699
0,0.0405,10.0,median,-0.769217818491652,-0.7985819730312149,-0.7553181461628917,-0.7574,-0.011817818491652088,-0.043263826868323196,0.02936415453956287,0.0020818538371082385
0,0.045,1.0,median,-0.17691064699665698,-0.17447071337296355,-0.1551191018129064,-0.1555,-0.021410646996656985,-0.019351611560057158,-0.0024399336236934355,0.000380898187093609
0,0.045,5.0,median,-0.6233560644673612,-0.6567311456319752,-0.6099570589223522,-0.6104,-0.012956064467361195,-0.04677408670962302,0.03337508116461396,0.0004429410776478626
0,0.045,10.0,median,-0.8581436495298268,-0.8861949430106209,-0.852451530085507,-0.8528,-0.005343649529826799,-0.03374341292511385,0.02805129348079405,0.00034846991449299924
1,0.0,1.0,median,0.06167781186447585,0.061677811864498056,0.061677811864498056,0.0617,-2.2188135524146835e-05,0.0,-2.220446049250313e-14,-2.2188135501942374e-05
1,0.0,5.0,median,0.3488501525491676,0.3488501525493075,0.3488501525493075,0.3489,-4.9847450832363194e-05,0.0,-1.3988810110276972e-13,-4.984745069247509e-05
1,0.0,10.0,median,0.8193967340319095,0.819396734032291,0.819396734032291,0.8194,-3.2659680905267052e-06,0.0,-3.814726312612038e-13,-3.265967709054074e-06
1,0.0045,1.0,median,0.05894105730065857,0.05923964139035032,0.05940666537191619,0.0594,-0.0004589426993414289,-0.0001670239815658725,-0.00029858408969174466,6.665371916188267e-06
1,0.0045,5.0,median,0.33189472855467783,0.3327621569832272,0.33386008863452676,0.333,-0.0011052714453221868,-0.0010979316512995663,-0.0008674284285493661,0.0008600886345267456
1,0.0045,10.0,median,0.772963276267222,0.7767387098105007,0.7796945304225872,0.7772,-0.004236723732777947,-0.002955820612086435,-0.0037754335432786945,0.0024945304225871823
1,0.009,1.0,median,0.05085167679478719,0.05182661200608907,0.052511814490118436,0.0524,-0.0015483232052128093,-0.000685202484029368,-0.000974935211301875,0.0001118144901184337
1,0.009,5.0,median,0.2820605090108588,0.2842280105503058,0.2886205756321284,0.2876,-0.005539490989141249,-0.004392565081822619,-0.002167501539447003,0.0010205756321283732
1,0.009,10.0,median,0.6416631500223188,0.648962547723514,0.6604496473893704,0.656,-0.014336849977681254,-0.01148709966585637,-0.007299397701195254,0.00444964738937037
1,0.0135,1.0,median,0.037518069887050975,0.0395659027543076,0.041112493934164274,0.0411,-0.003581930112949022,-0.0015465911798566712,-0.002047832867256627,1.2493934164276022e-05
1,0.0135,5.0,median,0.2031321515231147,0.20645648308309517,0.21598596086350086,0.2142,-0.0110678484768853,-0.009529477780405693,-0.0033243315599804646,0.0017859608635008573
1,0.0135,10.0,median,0.4442949182161766,0.45317174668038673,0.47669178667286227,0.4733,-0.029005081783823383,-0.02352003999247554,-0.008876828464210118,0.0033917866728622736
1,0.018,1.0,median,0.01915302366283622,0.022430379205465423,0.025210957434812276,0.0246,-0.005446976337163779,-0.002780578229346853,-0.003277355542629201,0.0006109574348122752
1,0.018,5.0,median,0.10061056703752036,0.10357181763714063,0.11984892999615715,0.1157,-0.015089432962479638,-0.01627711235901652,-0.0029612505996202687,0.004148929996157152
1,0.018,10.0,median,0.2072285504478103,0.2147534755423698,0.2507538602812057,0.2432,-0.0359714495521897,-0.03600038473883593,-0.007524925094559487,0.007553860281205721
1,0.0225,1.0,median,-0.003972496086285582,0.0005457819375639383,0.0049721631191841364,0.0048,-0.00877249608628558,-0.004426381181620198,-0.00451827802384952,0.00017216311918413687
1,0.0225,5.0,median,-0.01868723337347311,-0.017487966719144155,0.006091349015260206,0.0036,-0.02228723337347311,-0.02357931573440436,-0.0011992666543289565,0.0024913490152602058
1,0.0225,10.0,median,-0.04109106944061203,-0.03892257285694595,0.008071478209283778,0.0014,-0.042491069440612025,-0.046994051066229725,-0.0021684965836660797,0.006671478209283778
1,0.027,1.0,median,-0.031504712860800754,-0.02597380252353515,-0.019500770533263545,-0.0194,-0.012104712860800754,-0.006473031990271605,-0.005530910337265604,-0.00010077053326354446
1,0.027,5.0,median,-0.14706107446365674,-0.15007734438337061,-0.1191762847348819,-0.1218,-0.025261074463656732,-0.030901059648488716,0.0030162699197138765,0.0026237152651181067
1,0.027,10.0,median,-0.27634253807704057,-0.2816554364761828,-0.22804949271720315,-0.2348,-0.04154253807704056,-0.053605943758979646,0.00531289839914223,0.006750507282796858
1,0.0315,1.0,median,-0.0631035759085109,-0.05698817125319272,-0.048026012988608535,-0.0483,-0.014803575908510898,-0.008962158264584186,-0.0061154046553181796,0.00027398701139146747
1,0.0315,5.0,median,-0.2774356698378453,-0.2864213209488383,-0.24906739963192104,-0.2519,-0.025535669837845276,-0.03735392131691728,0.008985651110993031,0.0028326003680789746
1,0.0315,10.0,median,-0.4809288367651035,-0.4950895948075714,-0.4405118835980602,-0.4456,-0.03532883676510351,-0.054577711209511215,0.014160758042467914,0.005088116401939791
1,0.036,1.0,median,-0.09829948212397738,-0.09227467068290479,-0.08038148498428621,-0.0802,-0.018099482123977384,-0.01189318569861858,-0.006024811441072586,-0.00018148498428621762
1,0.036,5.0,median,-0.40338781141884017,-0.41977394103791976,-0.3772554094517842,-0.3798,-0.023587811418840143,-0.042518531586135555,0.016386129619079592,0.0025445905482158193
1,0.036,10.0,median,-0.6464695420203427,-0.6679931815974284,-0.6167288436153658,-0.6198,-0.026669542020342663,-0.051264337982062536,0.021523639577085696,0.003071156384634177
1,0.0405,1.0,median,-0.13665401217712048,-0.13160991809465733,-0.11630326559606624,-0.1171,-0.01955401217712048,-0.015306652498591089,-0.005044094082463146,0.0007967344039337548
1,0.0405,5.0,median,-0.5199371775378417,-0.5444452928380596,-0.49874507291460235,-0.5032,-0.016737177537841763,-0.0457002199234573,0.024508115300217903,0.004454927085397631
1,0.0405,10.0,median,-0.771304708108573,-0.7963725863368005,-0.7528780796546536,-0.7574,-0.013904708108573027,-0.04349450668214694,0.025067878228227536,0.004521920345346375
1,0.045,1.0,median,-0.17760747055400455,-0.17481873831829292,-0.15549530456589716,-0.1555,-0.022107470554004555,-0.019323433752395758,-0.002788732235711633,4.695434102836016e-06
1,0.045,5.0,median,-0.6236421125679478,-0.6561991360313773,-0.6093373482173156,-0.6104,-0.013242112567947717,-0.046861787814061695,0.03255702346342948,0.0010626517826844983
1,0.045,10.0,median,-0.8595198842182312,-0.8848689741661266,-0.8507830414789458,-0.8528,-0.00671988421823122,-0.03408593268718085,0.02534908994789542,0.002016958521054213
2,0.0,1.0,median,0.06167781186447585,0.061677811864498056,0.061677811864498056,0.0617,-2.2188135524146835e-05,0.0,-2.220446049250313e-14,-2.2188135501942374e-05
2,0.0,5.0,median,0.3488501525491676,0.3488501525493075,0.3488501525493075,0.3489,-4.9847450832363194e-05,0.0,-1.3988810110276972e-13,-4.984745069247509e-05
2,0.0,10.0,median,0.8193967340319095,0.819396734032291,0.819396734032291,0.8194,-3.2659680905267052e-06,0.0,-3.814726312612038e-13,-3.265967709054074e-06
2,0.0045,1.0,median,0.05896338053645511,0.05918809456965024,0.05935709065978789,0.0594,-0.0004366194635448892,-0.00016899609013765193,-0.00022471403319512806,-4.290934021210918e-05
2,0.0045,5.0,median,0.33119125442241626,0.33226896754275337,0.3334144801533323,0.333,-0.001808745577583759,-0.001145512610578936,-0.0010777131203371093,0.00041448015333228616
2,0.0045,10.0,median,0.7722365410797892,0.7746801086311034,0.777747239355448,0.7772,-0.004963458920210773,-0.0030671307243446133,-0.002443567551314141,0.0005472393554479815
2,0.009,1.0,median,0.050907840756431066,0.05177612826010869,0.0524614704973112,0.0524,-0.0014921592435689357,-0.0006853422372025131,-0.0008682875036776228,6.147049731120013e-05
2,0.009,5.0,median,0.28070437065864196,0.2830698719892014,0.2875227870498044,0.2876,-0.006895629341358067,-0.004452915060602969,-0.0023655013305594608,-7.721295019563756e-05
2,0.009,10.0,median,0.6403904301662737,0.6449011971897286,0.6564796070374984,0.656,-0.0156095698337263,-0.01157840984776981,-0.004510767023454876,0.0004796070374983863
2,0.0135,1.0,median,0.03761539555837179,0.039446452029751944,0.0409881019516003,0.0411,-0.0034846044416282085,-0.0015416499218483537,-0.0018310564713801547,-0.00011189804839970008
2,0.0135,5.0,median,0.20108372118138773,0.2046958213374438,0.21422229131990167,0.2142,-0.01311627881861227,-0.009526469982457875,-0.003612100156056064,2.2291319901668327e-05
2,0.0135,10.0,median,0.44282455142178256,0.4485719087230913,0.4718687677032618,0.4733,-0.030475448578217434,-0.02329685898017053,-0.005747357301308709,-0.001431232296738194
2,0.018,1.0,median,0.019312017429859996,0.02223302397517457,0.025024986003051364,0.0246,-0.005287982570140005,-0.002791962027876793,-0.002921006545314575,0.00042498600305136344
2,0.018,5.0,median,0.09806986703112242,0.10193307024769283,0.118083453001534,0.1157,-0.017630132968877582,-0.016150382753841175,-0.00386320321657041,0.0023834530015340027
2,0.018,10.0,median,0.20596420434680873,0.20885888558746712,0.24483316234847996,0.2432,-0.03723579565319127,-0.035974276761012836,-0.002894681240658392,0.0016331623484799607
2,0.0225,1.0,median,-0.0037602577149038474,0.0003546513086950531,0.004747975706902552,0.0048,-0.008560257714903846,-0.004393324398207499,-0.0041149090235989005,-5.2024293097447695e-05
2,0.0225,5.0,median,-0.02130569722957021,-0.01917638198627114,0.004294575091310593,0.0036,-0.024905697229570208,-0.023470957077581733,-0.002129315243299068,0.000694575091310593
2,0.0225,10.0,median,-0.04215370406614227,-0.04380846637888469,0.0027549222621733316,0.0014,-0.04355370406614227,-0.04656338864105802,0.0016547623127424194,0.0013549222621733316
2,0.027,1.0,median,-0.03126309693068363,-0.02624713485251534,-0.019769275674924758,-0.0194,-0.011863096930683631,-0.006477859177590584,-0.00501596207816829,-0.0003692756749247572
2,0.027,5.0,median,-0.14994478225608876,-0.15143528648059046,-0.1206626735251623,-0.1218,-0.028144782256088755,-0.030772612955428158,0.0014905042245016986,0.0011373264748377049
2,0.027,10.0,median,-0.2773085929016587,-0.28659812068430446,-0.2332672219935728,-0.2348,-0.042508592901658704,-0.053330898690731654,0.009289527782645746,0.0015327780064272045
2,0.0315,1.0,median,-0.06283552247061963,-0.05730684381496004,-0.04838071132667093,-0.0483,-0.014535522470619629,-0.008926132488289107,-0.005528678655659591,-8.071132667093056e-05
2,0.0315,5.0,median,-0.2803388109991609,-0.2879178202247269,-0.2504328719343957,-0.2519,-0.0284388109991609,-0.03748494829033122,0.00757900922556598,0.0014671280656043395
2,0.0315,10.0,median,-0.4818797967587843,-0.49923863753355285,-0.44478137857761463,-0.4456,-0.03627979675878429,-0.054457258955938226,0.01735884077476857,0.0008186214223853683
2,0.036,1.0,median,-0.09801188541707812,-0.09252686187094322,-0.08065376769997634,-0.0802,-0.01781188541707812,-0.01187309417096688,-0.005485023546134893,-0.00045376769997634847
2,0.036,5.0,median,-0.40628228922207155,-0.4212488916691038,-0.37879778039317263,-0.3798,-0.02648228922207152,-0.04245111127593115,0.01496660244703224,0.0010022196068273925
2,0.036,10.0,median,-0.6471087819477666,-0.6707406766831769,-0.6200428831335367,-0.6198,-0.027308781947766536,-0.05069779354964021,0.023631894735410386,-0.00024288313353670876
2,0.0405,1.0,median,-0.13630358779544366,-0.13187325266953204,-0.1165454384556765,-0.1171,-0.019203587795443663,-0.01532781421385554,-0.004430335125911622,0.000554561544323498
2,0.0405,5.0,median,-0.5224932864169536,-0.5458328531576736,-0.5001932403050686,-0.5032,-0.019293286416953603,-0.04563961285260498,0.02333956674072002,0.00300675969493136
2,0.0405,10.0,median,-0.7717332303099078,-0.7982568431271426,-0.7549487639942116,-0.7574,-0.014333230309907852,-0.043308079132931,0.02652361281723481,0.0024512360057883376
2,0.045,1.0,median,-0.17721246658809364,-0.1751530607943355,-0.15575895269086615,-0.1555,-0.021712466588093643,-0.019394108103469365,-0.002059405793758129,-0.0002589526908661488
2,0.045,5.0,median,-0.6258820786039541,-0.6572559088000302,-0.6105626744767714,-0.6104,-0.015482078603954008,-0.04669323432325878,0.03137383019607609,-0.0001626744767713184
2,0.045,10.0,median,-0.8597853371224566,-0.8858827249645149,-0.8519664966713371,-0.8528,-0.006985337122456636,-0.033916228293177864,0.026097387842058284,0.0008335033286629434
3,0.0,1.0,median,0.06167781186447585,0.061677811864498056,0.061677811864498056,0.0617,-2.2188135524146835e-05,0.0,-2.220446049250313e-14,-2.2188135501942374e-05
3,0.0,5.0,median,0.3488501525491676,0.3488501525493075,0.3488501525493075,0.3489,-4.9847450832363194e-05,0.0,-1.3988810110276972e-13,-4.984745069247509e-05
3,0.0,10.0,median,0.8193967340319095,0.819396734032291,0.819396734032291,0.8194,-3.2659680905267052e-06,0.0,-3.814726312612038e-13,-3.265967709054074e-06
3,0.0045,1.0,median,0.05899502504425813,0.059239485087570265,0.05940896554570496,0.0594,-0.00040497495574187,-0.00016948045813469648,-0.00024446004331213356,8.965545704960054e-06
3,0.0045,5.0,median,0.33148188422037805,0.33240435505947497,0.33356011909178307,0.333,-0.0015181157796219646,-0.0011557640323081042,-0.0009224708390969116,0.0005601190917830512
3,0.0045,10.0,median,0.7746513126555006,0.7745096624443094,0.7775447420984077,0.7772,-0.002548687344499423,-0.003035079654098327,0.00014165021119116883,0.0003447420984077354
3,0.009,1.0,median,0.050965564469595104,0.05184472324608569,0.05252276792113553,0.0524,-0.0014344355304048984,-0.0006780446750498381,-0.000879158776490585,0.00012276792113552482
3,0.009,5.0,median,0.2812500554802616,0.28327217414821415,0.2878040743617012,0.2876,-0.006349944519738415,-0.004531900213487039,-0.002022118667952544,0.00020407436170116755
3,0.009,10.0,median,0.6449907548982667,0.6449301637489525,0.6563910810324447,0.656,-0.01100924510173329,-0.011460917283492189,6.059114931422638e-05,0.0003910810324446734
3,0.0135,1.0,median,0.03772874548115557,0.03954586812507699,0.04109430986261575,0.0411,-0.00337125451884443,-0.0015484417375387638,-0.0018171226439214205,-5.690137384245508e-06
3,0.0135,5.0,median,0.20193469825046684,0.20479686046509704,0.21448373311559543,0.2142,-0.012265301749533164,-0.00968687265049839,-0.002862162214630204,0.00028373311559543035
3,0.0135,10.0,median,0.4491061746763163,0.44823593993856337,0.4716752472453224,0.4733,-0.024193825323683693,-0.023439307306759027,0.0008702347377529396,-0.0016247527546776053
3,0.018,1.0,median,0.019429881269437566,0.022370954312001312,0.025138007833316878,0.0246,-0.005170118730562435,-0.0027670535213155656,-0.0029410730425637466,0.0005380078333168774
3,0.018,5.0,median,0.09906841238842456,0.10177018022172579,0.11803370894417242,0.1157,-0.016631587611575432,-0.01626352872244663,-0.0027017678333012274,0.0023337089441724246
3,0.018,10.0,median,0.21292698609724448,0.20954906846171484,0.24565272165911978,0.2432,-0.030273013902755525,-0.03610365319740494,0.003377917635529637,0.0024527216591197776
3,0.0225,1.0,median,-0.0036394475638529267,0.0004813282542803776,0.004882148935054786,0.0048,-0.008439447563852925,-0.004400820680774409,-0.004120775818133304,8.214893505478684e-05
3,0.0225,5.0,median,-0.020254191062180238,-0.0194857633561763,0.00411058277417331,0.0036,-0.023854191062180237,-0.02359634613034961,-0.000768427706003938,0.0005105827741733104
3,0.0225,10.0,median,-0.03531844465875883,-0.04422599788475856,0.002635125355642476,0.0014,-0.03671844465875883,-0.04686112324040104,0.008907553225999731,0.0012351253556424759
3,0.027,1.0,median,-0.031123764680924426,-0.026004254709303343,-0.019560889187163644,-0.0194,-0.011723764680924426,-0.006443365522139699,-0.0051195099716210835,-0.0001608891871636431
3,0.027,5.0,median,-0.14883498523128014,-0.15238303270394316,-0.12144967711794286,-0.1218,-0.02703498523128013,-0.0309333555860003,0.0035480474726630185,0.0003503228820571497
3,0.027,10.0,median,-0.271202483094894,-0.2868713347714968,-0.23355664425532852,-0.2348,-0.03640248309489397,-0.05331469051616827,0.015668851676602813,0.0012433557446714927
3,0.0315,1.0,median,-0.06259854736822212,-0.0570449231921486,-0.04812754991296497,-0.0483,-0.014298547368222121,-0.008917373279183627,-0.005553624176073524,0.00017245008703502956
3,0.0315,5.0,median,-0.2792210125111399,-0.2889387914708319,-0.2514615557180118,-0.2519,-0.027321012511139886,-0.03747723575282008,0.009717778959692003,0.00043844428198819285
3,0.0315,10.0,median,-0.47700016123817673,-0.4990355859258631,-0.44448337976830987,-0.4456,-0.03140016123817674,-0.05455220615755324,0.022035424687686378,0.0011166202316901241
3,0.036,1.0,median,-0.09772843835505401,-0.0923983541429983,-0.08050126460691576,-0.0802,-0.01752843835505402,-0.011897089536082539,-0.005330084212055719,-0.0003012646069157632
3,0.036,5.0,median,-0.40505078754040263,-0.422235319751444,-0.37970141576852895,-0.3798,-0.02525078754040261,-0.04253390398291507,0.01718453221104138,9.85842314710772e-05
3,0.036,10.0,median,-0.6433914747402707,-0.6705839539532594,-0.6193825867844465,-0.6198,-0.02359147474027068,-0.05120136716881296,0.02719247921298873,0.0004174132155535526
3,0.0405,1.0,median,-0.13599692543889214,-0.13177701007341613,-0.11646721696737228,-0.1171,-0.01889692543889214,-0.015309793106043856,-0.004219915365476001,0.0006327830326277178
3,0.0405,5.0,median,-0.5214527908865838,-0.5468662592169651,-0.5013812124054856,-0.5032,-0.018252790886583825,-0.04548504681147947,0.025413468330381273,0.0018187875945143706
3,0.0405,10.0,median,-0.7691907858551517,-0.798311845744894,-0.7548939972241158,-0.7574,-0.011790785855151698,-0.043417848520778235,0.02912105988974234,0.0025060027758841974
3,0.045,1.0,median,-0.17687417746104855,-0.1750441686816569,-0.15568578424286422,-0.1555,-0.021374177461048555,-0.019358384438792675,-0.0018300087793916564,-0.00018578424286422313
3,0.045,5.0,median,-0.6250925209460448,-0.6582791211778567,-0.6114262964928938,-0.6104,-0.014692520946044785,-0.04685282468496288,0.03318660023181186,-0.0010262964928937635
3,0.045,10.0,median,-0.8581264168076247,-0.886061569787059,-0.8521934746410096,-0.8528,-0.00532641680762469,-0.03386809514604938,0.027935152979434275,0.0006065253589904174
4,0.0,1.0,median,0.06167781186447585,0.061677811864498056,0.061677811864498056,0.0617,-2.2188135524146835e-05,0.0,-2.220446049250313e-14,-2.2188135501942374e-05
4,0.0,5.0,median,0.3488501525491676,0.3488501525493075,0.3488501525493075,0.3489,-4.9847450832363194e-05,0.0,-1.3988810110276972e-13,-4.984745069247509e-05
4,0.0,10.0,median,0.8193967340319095,0.819396734032291,0.819396734032291,0.8194,-3.2659680905267052e-06,0.0,-3.814726312612038e-13,-3.265967709054074e-06
4,0.0045,1.0,median,0.05899405753440867,0.059117608056659,0.05928935352893783,0.0594,-0.0004059424655913288,-0.00017174547227882808,-0.00012355052225032637,-0.00011064647106217435
4,0.0045,5.0,median,0.33140475345099196,0.33168730284064774,0.33284366674714183,0.333,-0.0015952465490080558,-0.0011563639064940956,-0.0002825493896557729,-0.00015633325285818733
4,0.0045,10.0,median,0.77310467023696,0.7725014280388097,0.775644837781843,0.7772,-0.0040953297630400565,-0.0031434097430332875,0.0006032421981502223,-0.0015551622181569913
4,0.009,1.0,median,0.05096199320960215,0.051598060038713034,0.052284530373185034,0.0524,-0.00143800679039785,-0.0006864703344720002,-0.0006360668291108817,-0.00011546962681496797
4,0.009,5.0,median,0.2810878607438161,0.2820676843645614,0.28651466088931976,0.2876,-0.006512139256183935,-0.004446976524758339,-0.0009798236207453348,-0.0010853391106802612
4,0.009,10.0,median,0.6422133162328065,0.6413391291328658,0.6529132579037896,0.656,-0.013786683767193497,-0.011574128770923786,0.0008741870999406931,-0.003086742096210404
4,0.0135,1.0,median,0.037700387950123315,0.0391537060573901,0.04071519494873532,0.0411,-0.0033996120498766824,-0.0015614888913452196,-0.0014533181072667878,-0.000384805051264675
4,0.0135,5.0,median,0.20169702649330123,0.20314393386077345,0.21289982963079623,0.2142,-0.012502973506698767,-0.009755895770022782,-0.0014469073674722166,-0.001300170369203768
4,0.0135,10.0,median,0.4452904807330339,0.4433443404467652,0.46689242583241664,0.4733,-0.0280095192669661,-0.02354808538565145,0.001946140286268716,-0.006407574167583363
4,0.018,1.0,median,0.019429205244919423,0.021955058157493657,0.02473288581406441,0.0246,-0.005170794755080577,-0.0027778276565707527,-0.0025258529125742335,0.00013288581406440889
4,0.018,5.0,median,0.09883551028333648,0.0996585769376237,0.11597436016058704,0.1157,-0.016864489716663517,-0.016315783222963343,-0.0008230666542872189,0.00027436016058704493
4,0.018,10.0,median,0.20879858264227347,0.2034514804187022,0.2395624990283094,0.2432,-0.03440141735772653,-0.03611101860960719,0.005347102223571265,-0.003637500971690605
4,0.0225,1.0,median,-0.0036303186619395245,-6.184138104931014e-05,0.004359067349570811,0.0048,-0.008430318661939523,-0.004420908730620121,-0.0035684772808902143,-0.0004409326504291886
4,0.0225,5.0,median,-0.020604534385484152,-0.02145711141239376,0.0020014181126599695,0.0036,-0.02420453438548415,-0.02345852952505373,0.0008525770269096067,-0.0015985818873400304
4,0.0225,10.0,median,-0.039493318738690886,-0.04983470284925434,-0.0032563594540168106,0.0014,-0.040893318738690884,-0.04657834339523753,0.010341384110563456,-0.004656359454016811
4,0.027,1.0,median,-0.03108389331380007,-0.02666702283655692,-0.020191930989473916,-0.0194,-0.01168389331380007,-0.006475091847083003,-0.004416870477243151,-0.0007919309894739157
4,0.027,5.0,median,-0.14909764377791462,-0.15395984149674258,-0.12317205026647299,-0.1218,-0.027297643777914618,-0.03078779123026959,0.004862197718827954,-0.0013720502664729822
4,0.027,10.0,median,-0.27485162599617124,-0.29119131083373845,-0.2382001447608555,-0.2348,-0.040051625996171236,-0.052991166072882956,0.016339684837567203,-0.0034001447608554836
4,0.0315,1.0,median,-0.06259566916287873,-0.057754419341500496,-0.04880460597304781,-0.0483,-0.014295669162878728,-0.008949813368452686,-0.004841249821378235,-0.0005046059730478072
4,0.0315,5.0,median,-0.2795577546821692,-0.2901641801616343,-0.2528077732550904,-0.2519,-0.02765775468216919,-0.037356406906543904,0.01060642547946511,-0.0009077732550903939
4,0.0315,10.0,median,-0.47991079470509523,-0.5031698863636651,-0.4488128930295089,-0.4456,-0.03431079470509524,-0.05435699333415622,0.023259091658569875,-0.0032128930295088898
4,0.036,1.0,median,-0.0977808550977442,-0.09304256199976557,-0.08113284392530634,-0.0802,-0.017580855097744208,-0.01190971807445923,-0.00473829309797863,-0.0009328439253063481
4,0.036,5.0,median,-0.4054192638435764,-0.42320744675007765,-0.38074843836047567,-0.3798,-0.02561926384357638,-0.04245900838960198,0.01778818290650125,-0.0009484383604756452
4,0.036,10.0,median,-0.6456336569324109,-0.6740867912882935,-0.6236709250477872,-0.6198,-0.02583365693241091,-0.05041586624050631,0.028453134355882592,-0.003870925047787188
4,0.0405,1.0,median,-0.13605673320886758,-0.13245742669641286,-0.11711437503214933,-0.1171,-0.01895673320886758,-0.01534305166426353,-0.003599306512454714,-1.4375032149335776e-05
4,0.0405,5.0,median,-0.5218988961138152,-0.5479680764580876,-0.5022699038969889,-0.5032,-0.018698896113815255,-0.04569817256109876,0.026069180344272413,0.000930096103011091
4,0.0405,10.0,median,-0.7707268506056657,-0.8007518080525011,-0.7579239087406653,-0.7574,-0.013326850605665741,-0.04282789931183584,0.03002495744683542,-0.0005239087406653242
4,0.045,1.0,median,-0.17695828352291593,-0.17579157980527865,-0.15638347230958732,-0.1555,-0.021458283522915927,-0.01940810749569133,-0.001166703717637274,-0.0008834723095873243
4,0.045,5.0,median,-0.6252952767116915,-0.6592967278462198,-0.6125347815211903,-0.6104,-0.01489527671169144,-0.0467619463250295,0.03400145113452835,-0.0021347815211902876
4,0.045,10.0,median,-0.8591294391454016,-0.8874695016726013,-0.854037999670211,-0.8528,-0.0063294391454016274,-0.03343150200239031,0.028340062527199672,-0.0012379996702109874
0,0.0,1.0,pct_positive,1.0,1.0,1.0,1.0,0.0,0.0,0.0,0.0
0,0.0,5.0,pct_positive,1.0,1.0,1.0,1.0,0.0,0.0,0.0,0.0
0,0.0,10.0,pct_positive,1.0,1.0,1.0,1.0,0.0,0.0,0.0,0.0
0,0.0045,1.0,pct_positive,0.7889008,0.7888804,0.7978272,0.7977,-0.008799200000000007,-0.008946799999999921,2.0399999999920482e-05,0.00012719999999999398
0,0.0045,5.0,pct_positive,0.963652,0.963128,0.968376,0.9682,-0.0045479999999999965,-0.00524800000000003,0.0005239999999999689,0.000176000000000065
0,0.0045,10.0,pct_positive,0.994348,0.994272,0.995648,0.9957,-0.0013520000000000199,-0.0013759999999999328,7.599999999996498e-05,-5.2000000000052005e-05
0,0.009,1.0,pct_positive,0.6362232,0.6379252,0.644498,0.6439,-0.007676800000000039,-0.006572800000000045,-0.0017019999999999813,0.0005979999999999874
0,0.009,5.0,pct_positive,0.782024,0.781042,0.792624,0.7927,-0.010675999999999908,-0.011581999999999981,0.0009820000000000384,-7.599999999996498e-05
0,0.009,10.0,pct_positive,0.86488,0.86402,0.875792,0.8749,-0.010020000000000029,-0.011772000000000005,0.0008599999999999719,0.0008920000000000039
0,0.0135,1.0,pct_positive,0.568762,0.571512,0.5769344,0.5769,-0.008137999999999979,-0.005422399999999938,-0.00275000000000003,3.4399999999989994e-05
0,0.0135,5.0,pct_positive,0.64988,0.650024,0.661612,0.6612,-0.011319999999999997,-0.011587999999999932,-0.000144000000000033,0.00041199999999996795
0,0.0135,10.0,pct_positive,0.707816,0.70632,0.721596,0.7209,-0.013083999999999985,-0.015276000000000067,0.0014960000000000528,0.0006960000000000299
0,0.018,1.0,pct_positive,0.5268804,0.53094,0.5359028,0.5349,-0.008019600000000016,-0.004962800000000045,-0.004059599999999941,0.0010027999999999704
0,0.018,5.0,pct_positive,0.559482,0.55983,0.571226,0.5699,-0.010417999999999927,-0.011395999999999962,-0.00034800000000001496,0.0013260000000000494
0,0.018,10.0,pct_positive,0.584812,0.582316,0.598556,0.5968,-0.011987999999999999,-0.016240000000000032,0.0024960000000000537,0.0017559999999999798
0,0.0225,1.0,pct_positive,0.4960032,0.5007372,0.5058408,0.5056,-0.009596800000000072,-0.005103599999999986,-0.004734000000000016,0.00024079999999992996
0,0.0225,5.0,pct_positive,0.490898,0.490706,0.502516,0.5018,-0.010902000000000023,-0.011809999999999987,0.00019200000000002548,0.0007159999999999389
0,0.0225,10.0,pct_positive,0.487076,0.483992,0.500512,0.5005,-0.013423999999999936,-0.01651999999999998,0.003084000000000031,1.2000000000012001e-05
0,0.027,1.0,pct_positive,0.4707044,0.4761624,0.4813692,0.4814,-0.010695599999999972,-0.005206800000000011,-0.005457999999999963,-3.0799999999997496e-05
0,0.027,5.0,pct_positive,0.434338,0.433206,0.445584,0.4455,-0.011162000000000005,-0.012378,0.0011320000000000219,8.399999999997299e-05
0,0.027,10.0,pct_positive,0.407536,0.402992,0.420556,0.4206,-0.013063999999999965,-0.01756399999999997,0.0045439999999999925,-4.399999999998849e-05
0,0.0315,1.0,pct_positive,0.448606,0.4547568,0.4604512,0.46,-0.011394000000000015,-0.005694399999999988,-0.006150800000000012,0.00045119999999998495
0,0.0315,5.0,pct_positive,0.385638,0.384288,0.396932,0.3966,-0.010962000000000027,-0.012643999999999989,0.0013499999999999623,0.00033199999999999896
0,0.0315,10.0,pct_positive,0.340968,0.333968,0.351972,0.3524,-0.011431999999999998,-0.01800400000000002,0.007000000000000006,-0.00042799999999998395
0,0.036,1.0,pct_positive,0.4286252,0.4353828,0.4415048,0.4412,-0.012574799999999997,-0.006121999999999961,-0.00675760000000003,0.00030479999999999396
0,0.036,5.0,pct_positive,0.343142,0.340198,0.353696,0.3537,-0.010558000000000012,-0.01349800000000001,0.002944000000000002,-4.000000000004e-06
0,0.036,10.0,pct_positive,0.284228,0.275956,0.293972,0.2947,-0.010472000000000037,-0.018016000000000032,0.008272000000000002,-0.0007280000000000064
0,0.0405,1.0,pct_positive,0.41011,0.4170968,0.42392,0.4231,-0.012990000000000002,-0.006823200000000029,-0.006986800000000015,0.0008200000000000429
0,0.0405,5.0,pct_positive,0.305254,0.300222,0.31481,0.3137,-0.008445999999999954,-0.01458799999999999,0.0050320000000000364,0.0011099999999999999
0,0.0405,10.0,pct_positive,0.23544,0.224256,0.2429,0.242,-0.0065599999999999825,-0.018643999999999994,0.011184,0.0009000000000000119
0,0.045,1.0,pct_positive,0.392684,0.3998008,0.4071288,0.4073,-0.014616000000000018,-0.007328000000000001,-0.007116800000000034,-0.00017119999999998248
0,0.045,5.0,pct_positive,0.270814,0.264212,0.279766,0.2793,-0.008485999999999994,-0.015554000000000012,0.006601999999999997,0.00046600000000002195
0,0.045,10.0,pct_positive,0.193076,0.181896,0.199596,0.2002,-0.0071239999999999915,-0.017699999999999994,0.011179999999999995,-0.0006039999999999934
1,0.0,1.0,pct_positive,1.0,1.0,1.0,1.0,0.0,0.0,0.0,0.0
1,0.0,5.0,pct_positive,1.0,1.0,1.0,1.0,0.0,0.0,0.0,0.0
1,0.0,10.0,pct_positive,1.0,1.0,1.0,1.0,0.0,0.0,0.0,0.0
1,0.0045,1.0,pct_positive,0.788576,0.7892516,0.7981828,0.7977,-0.00912399999999991,-0.008931199999999917,-0.0006755999999999984,0.00048280000000000545
1,0.0045,5.0,pct_positive,0.963502,0.963584,0.968668,0.9682,-0.00469799999999998,-0.005083999999999977,-8.20000000000265e-05,0.00046800000000002395
1,0.0045,10.0,pct_positive,0.994592,0.994248,0.995804,0.9957,-0.0011079999999999979,-0.0015560000000000018,0.00034400000000001096,0.00010399999999999299
1,0.009,1.0,pct_positive,0.6358884,0.6376452,0.6441552,0.6439,-0.008011600000000008,-0.006510000000000016,-0.0017568000000000028,0.000255200000000011
1,0.009,5.0,pct_positive,0.781254,0.781484,0.793054,0.7927,-0.011445999999999956,-0.01157000000000008,-0.00022999999999995246,0.0003540000000000765
1,0.009,10.0,pct_positive,0.863744,0.863516,0.87576,0.8749,-0.011156000000000055,-0.012244000000000033,0.00022800000000000598,0.0008599999999999719
1,0.0135,1.0,pct_positive,0.568172,0.5713804,0.5768796,0.5769,-0.008727999999999958,-0.005499200000000037,-0.0032084,-2.0399999999920482e-05
1,0.0135,5.0,pct_positive,0.649238,0.650762,0.662118,0.6612,-0.011962000000000028,-0.011356000000000033,-0.0015239999999999698,0.0009179999999999744
1,0.0135,10.0,pct_positive,0.706512,0.706952,0.721908,0.7209,-0.014387999999999956,-0.01495599999999997,-0.00043999999999999595,0.0010080000000000089
1,0.018,1.0,pct_positive,0.526454,0.530584,0.5355684,0.5349,-0.008446000000000065,-0.0049844,-0.004129999999999967,0.0006683999999999024
1,0.018,5.0,pct_positive,0.558776,0.560132,0.571526,0.5699,-0.011123999999999912,-0.011394000000000015,-0.0013559999999999128,0.0016260000000000163
1,0.018,10.0,pct_positive,0.582656,0.583984,0.600228,0.5968,-0.014144000000000045,-0.016244000000000036,-0.0013279999999999959,0.0034279999999999866
1,0.0225,1.0,pct_positive,0.4955948,0.500614,0.5056532,0.5056,-0.010005200000000047,-0.0050392000000000214,-0.0050192000000000014,5.319999999997549e-05
1,0.0225,5.0,pct_positive,0.490638,0.491292,0.50299,0.5018,-0.011162000000000005,-0.011698000000000042,-0.0006539999999999879,0.0011900000000000244
1,0.0225,10.0,pct_positive,0.485784,0.4863,0.502896,0.5005,-0.014715999999999951,-0.016596,-0.0005160000000000164,0.0023960000000000647
1,0.027,1.0,pct_positive,0.4704092,0.47596,0.4812488,0.4814,-0.010990799999999967,-0.005288799999999982,-0.005550799999999967,-0.000151200000000018
1,0.027,5.0,pct_positive,0.433964,0.433832,0.446076,0.4455,-0.01153599999999999,-0.012243999999999977,0.000132000000000021,0.0005759999999999654
1,0.027,10.0,pct_positive,0.40668,0.405468,0.422648,0.4206,-0.013919999999999988,-0.01718000000000003,0.0012119999999999909,0.0020480000000000498
1,0.0315,1.0,pct_positive,0.4483384,0.454628,0.460214,0.46,-0.011661599999999994,-0.005586000000000035,-0.006289599999999951,0.00021399999999999197
1,0.0315,5.0,pct_positive,0.385512,0.384778,0.397436,0.3966,-0.011087999999999987,-0.012658000000000003,0.0007340000000000124,0.0008360000000000034
1,0.0315,10.0,pct_positive,0.339796,0.336448,0.354184,0.3524,-0.012604000000000004,-0.017735999999999974,0.003347999999999962,0.0017840000000000078
1,0.036,1.0,pct_positive,0.4284616,0.4350908,0.4412508,0.4412,-0.012738399999999983,-0.006159999999999999,-0.006629200000000002,5.08000000000175e-05
1,0.036,5.0,pct_positive,0.342774,0.34078,0.354334,0.3537,-0.010925999999999991,-0.013553999999999955,0.0019939999999999958,0.0006339999999999679
1,0.036,10.0,pct_positive,0.283772,0.277748,0.295644,0.2947,-0.010927999999999993,-0.017896000000000023,0.006024000000000029,0.0009440000000000004
1,0.0405,1.0,pct_positive,0.4100252,0.4169508,0.423696,0.4231,-0.013074799999999998,-0.006745200000000007,-0.006925600000000032,0.0005960000000000409
1,0.0405,5.0,pct_positive,0.304654,0.300812,0.315306,0.3137,-0.009045999999999998,-0.014493999999999951,0.0038419999999999566,0.0016059999999999963
1,0.0405,10.0,pct_positive,0.235372,0.227,0.245324,0.242,-0.006627999999999995,-0.01832399999999998,0.00837199999999999,0.0033239999999999936
1,0.045,1.0,pct_positive,0.3926932,0.399688,0.4070968,0.4073,-0.014606799999999975,-0.007408799999999993,-0.006994799999999968,-0.00020320000000001448
1,0.045,5.0,pct_positive,0.27031,0.264212,0.279856,0.2793,-0.008989999999999998,-0.01564399999999999,0.006097999999999992,0.0005560000000000009
1,0.045,10.0,pct_positive,0.194072,0.183188,0.201336,0.2002,-0.0061279999999999946,-0.018147999999999997,0.010884000000000005,0.0011359999999999981
2,0.0,1.0,pct_positive,1.0,1.0,1.0,1.0,0.0,0.0,0.0,0.0
2,0.0,5.0,pct_positive,1.0,1.0,1.0,1.0,0.0,0.0,0.0,0.0
2,0.0,10.0,pct_positive,1.0,1.0,1.0,1.0,0.0,0.0,0.0,0.0
2,0.0045,1.0,pct_positive,0.7881372,0.7895572,0.7985236,0.7977,-0.009562799999999982,-0.008966400000000041,-0.0014199999999999768,0.0008236000000000354
2,0.0045,5.0,pct_positive,0.96352,0.963722,0.968972,0.9682,-0.0046799999999999065,-0.005250000000000088,-0.00020199999999992446,0.0007720000000001059
2,0.0045,10.0,pct_positive,0.994456,0.994384,0.995684,0.9957,-0.0012440000000000229,-0.0012999999999999678,7.199999999996098e-05,-1.6000000000016e-05
2,0.009,1.0,pct_positive,0.6357404,0.6375312,0.6441048,0.6439,-0.008159600000000045,-0.006573600000000068,-0.0017907999999999813,0.00020480000000000498
2,0.009,5.0,pct_positive,0.780342,0.78196,0.7934,0.7927,-0.01235799999999998,-0.011440000000000006,-0.0016180000000000083,0.0007000000000000339
2,0.009,10.0,pct_positive,0.862616,0.86392,0.875988,0.8749,-0.012283999999999962,-0.012067999999999968,-0.0013039999999999718,0.0010879999999999779
2,0.0135,1.0,pct_positive,0.5684444,0.571148,0.576538,0.5769,-0.008455600000000008,-0.005390000000000006,-0.002703600000000028,-0.00036199999999997345
2,0.0135,5.0,pct_positive,0.648576,0.650222,0.661772,0.6612,-0.012623999999999969,-0.01155000000000006,-0.0016459999999999253,0.0005720000000000169
2,0.0135,10.0,pct_positive,0.705068,0.7066,0.721648,0.7209,-0.015831999999999957,-0.01504799999999995,-0.0015319999999999778,0.0007479999999999709
2,0.018,1.0,pct_positive,0.5267004,0.5303828,0.5353656,0.5349,-0.008199600000000085,-0.004982799999999954,-0.0036824000000000856,0.00046559999999995494
2,0.018,5.0,pct_positive,0.5579,0.55902,0.570672,0.5699,-0.01200000000000001,-0.011651999999999996,-0.0011200000000000099,0.0007719999999999949
2,0.018,10.0,pct_positive,0.581876,0.58354,0.599548,0.5968,-0.014924000000000048,-0.016008000000000022,-0.0016639999999999988,0.0027479999999999727
2,0.0225,1.0,pct_positive,0.4957256,0.500388,0.5053568,0.5056,-0.009874400000000061,-0.0049687999999999954,-0.0046624000000000665,-0.00024319999999999897
2,0.0225,5.0,pct_positive,0.48916,0.490144,0.502248,0.5018,-0.01264000000000004,-0.012104000000000004,-0.0009840000000000404,0.00044800000000000395
2,0.0225,10.0,pct_positive,0.484916,0.484192,0.500936,0.5005,-0.015583999999999931,-0.016744000000000037,0.0007240000000000024,0.00043600000000010297
2,0.027,1.0,pct_positive,0.4703944,0.4758764,0.4810652,0.4814,-0.011005600000000004,-0.005188800000000049,-0.005481999999999987,-0.00033479999999996846
2,0.027,5.0,pct_positive,0.432472,0.432754,0.445154,0.4455,-0.013027999999999984,-0.012399999999999967,-0.00028200000000000447,-0.00034600000000001296
2,0.027,10.0,pct_positive,0.405352,0.403688,0.420748,0.4206,-0.015247999999999984,-0.01706000000000002,0.0016639999999999988,0.000148000000000037
2,0.0315,1.0,pct_positive,0.4484268,0.4545444,0.4602004,0.46,-0.011573200000000006,-0.005655999999999994,-0.006117600000000001,0.00020039999999998948
2,0.0315,5.0,pct_positive,0.384606,0.382818,0.395864,0.3966,-0.011994000000000005,-0.013046000000000002,0.0017880000000000118,-0.0007360000000000144
2,0.0315,10.0,pct_positive,0.339236,0.335752,0.353552,0.3524,-0.013164000000000009,-0.017799999999999983,0.003483999999999987,0.0011519999999999864
2,0.036,1.0,pct_positive,0.4285632,0.4351068,0.4412568,0.4412,-0.012636800000000004,-0.006149999999999989,-0.006543600000000038,5.68000000000235e-05
2,0.036,5.0,pct_positive,0.341988,0.339188,0.3533,0.3537,-0.011712,-0.014112000000000013,0.0028000000000000247,-0.00040000000000001146
2,0.036,10.0,pct_positive,0.28364,0.276496,0.294968,0.2947,-0.011060000000000014,-0.01847199999999999,0.007143999999999984,0.00026799999999999047
2,0.0405,1.0,pct_positive,0.4100872,0.4167296,0.4235492,0.4231,-0.013012799999999991,-0.006819600000000037,-0.006642399999999993,0.00044920000000003846
2,0.0405,5.0,pct_positive,0.30403,0.300078,0.314396,0.3137,-0.009669999999999956,-0.014317999999999997,0.003952000000000011,0.0006960000000000299
2,0.0405,10.0,pct_positive,0.234468,0.226308,0.244632,0.242,-0.007531999999999983,-0.01832399999999998,0.00816,0.0026319999999999955
2,0.045,1.0,pct_positive,0.3927092,0.3993568,0.4068456,0.4073,-0.014590800000000015,-0.007488799999999962,-0.006647600000000031,-0.00045440000000002145
2,0.045,5.0,pct_positive,0.269504,0.264248,0.279538,0.2793,-0.009795999999999971,-0.015290000000000026,0.005256000000000038,0.00023800000000001598
2,0.045,10.0,pct_positive,0.192536,0.183,0.201116,0.2002,-0.007663999999999976,-0.018115999999999993,0.009536000000000017,0.0009160000000000001
3,0.0,1.0,pct_positive,1.0,1.0,1.0,1.0,0.0,0.0,0.0,0.0
3,0.0,5.0,pct_positive,1.0,1.0,1.0,1.0,0.0,0.0,0.0,0.0
3,0.0,10.0,pct_positive,1.0,1.0,1.0,1.0,0.0,0.0,0.0,0.0
3,0.0045,1.0,pct_positive,0.7888544,0.7890304,0.7979,0.7977,-0.008845600000000009,-0.008869600000000033,-0.000176000000000065,0.000200000000000089
3,0.0045,5.0,pct_positive,0.96377,0.963184,0.968644,0.9682,-0.004429999999999934,-0.005459999999999909,0.0005859999999999754,0.00044399999999999995
3,0.0045,10.0,pct_positive,0.994572,0.994232,0.995732,0.9957,-0.0011280000000000179,-0.0014999999999999458,0.00034000000000000696,3.199999999992098e-05
3,0.009,1.0,pct_positive,0.6363456,0.6374348,0.6439424,0.6439,-0.007554400000000072,-0.006507600000000058,-0.0010892000000000124,4.2399999999997995e-05
3,0.009,5.0,pct_positive,0.78135,0.781184,0.792526,0.7927,-0.011349999999999971,-0.011341999999999963,0.00016599999999999948,-0.00017400000000000748
3,0.009,10.0,pct_positive,0.86426,0.86402,0.876088,0.8749,-0.010639999999999983,-0.012067999999999968,0.00024000000000001798,0.0011879999999999669
3,0.0135,1.0,pct_positive,0.56881,0.5711152,0.5764336,0.5769,-0.00808999999999993,-0.005318399999999945,-0.0023052000000000072,-0.00046639999999997794
3,0.0135,5.0,pct_positive,0.649512,0.649936,0.661578,0.6612,-0.011688000000000032,-0.011642000000000041,-0.00042399999999997995,0.00037799999999998946
3,0.0135,10.0,pct_positive,0.70648,0.706044,0.720732,0.7209,-0.014419999999999988,-0.014688000000000034,0.00043599999999999195,-0.00016799999999994597
3,0.018,1.0,pct_positive,0.5268708,0.530578,0.5355756,0.5349,-0.00802920000000007,-0.0049976000000000464,-0.0037072000000000216,0.0006755999999999984
3,0.018,5.0,pct_positive,0.558798,0.558908,0.570672,0.5699,-0.011101999999999945,-0.011763999999999997,-0.00010999999999994348,0.0007719999999999949
3,0.018,10.0,pct_positive,0.58424,0.5821,0.597864,0.5968,-0.012560000000000016,-0.015764,0.0021400000000000308,0.0010639999999999539
3,0.0225,1.0,pct_positive,0.4960072,0.500558,0.505548,0.5056,-0.009592800000000068,-0.00499000000000005,-0.004550799999999966,-5.2000000000052005e-05
3,0.0225,5.0,pct_positive,0.4897,0.490246,0.501994,0.5018,-0.0121,-0.011748000000000036,-0.0005459999999999909,0.00019400000000002748
3,0.0225,10.0,pct_positive,0.48704,0.484424,0.500912,0.5005,-0.013459999999999972,-0.016488000000000003,0.0026159999999999517,0.00041200000000007897
3,0.027,1.0,pct_positive,0.4709404,0.4759716,0.481246,0.4814,-0.010459600000000013,-0.005274400000000012,-0.0050312000000000134,-0.00015399999999998748
3,0.027,5.0,pct_positive,0.433342,0.433294,0.445394,0.4455,-0.012158000000000002,-0.0121,4.799999999999249e-05,-0.00010599999999999499
3,0.027,10.0,pct_positive,0.40648,0.403688,0.420824,0.4206,-0.014119999999999966,-0.017135999999999985,0.0027920000000000167,0.00022400000000000198
3,0.0315,1.0,pct_positive,0.448732,0.4544392,0.460146,0.46,-0.011268,-0.005706800000000012,-0.005707199999999968,0.00014599999999997948
3,0.0315,5.0,pct_positive,0.385016,0.384346,0.397336,0.3966,-0.011583999999999983,-0.012990000000000002,0.0006700000000000039,0.0007360000000000144
3,0.0315,10.0,pct_positive,0.34054,0.335332,0.353204,0.3524,-0.011859999999999982,-0.017872,0.00520799999999999,0.0008040000000000269
3,0.036,1.0,pct_positive,0.4288452,0.43484,0.4409748,0.4412,-0.012354799999999999,-0.006134799999999996,-0.005994800000000022,-0.00022519999999998097
3,0.036,5.0,pct_positive,0.342834,0.340406,0.354306,0.3537,-0.010865999999999987,-0.013900000000000023,0.0024280000000000412,0.0006059999999999954
3,0.036,10.0,pct_positive,0.28334,0.276544,0.294328,0.2947,-0.011360000000000037,-0.017783999999999967,0.006795999999999969,-0.00037200000000003897
3,0.0405,1.0,pct_positive,0.41034,0.4165388,0.4233188,0.4231,-0.012759999999999994,-0.006780000000000008,-0.006198800000000004,0.00021880000000001898
3,0.0405,5.0,pct_positive,0.304612,0.30061,0.315238,0.3137,-0.009087999999999985,-0.01462800000000003,0.0040020000000000056,0.0015380000000000393
3,0.0405,10.0,pct_positive,0.23526,0.225896,0.244096,0.242,-0.006739999999999996,-0.018199999999999994,0.009363999999999983,0.0020960000000000145
3,0.045,1.0,pct_positive,0.3928768,0.3993256,0.4067136,0.4073,-0.01442319999999997,-0.007388000000000006,-0.006448799999999977,-0.0005863999999999869
3,0.045,5.0,pct_positive,0.270504,0.26401,0.279634,0.2793,-0.00879599999999997,-0.015623999999999971,0.006494,0.00033400000000000096
3,0.045,10.0,pct_positive,0.193284,0.182508,0.200144,0.2002,-0.006915999999999978,-0.017635999999999985,0.010776000000000008,-5.6000000000000494e-05
4,0.0,1.0,pct_positive,1.0,1.0,1.0,1.0,0.0,0.0,0.0,0.0
4,0.0,5.0,pct_positive,1.0,1.0,1.0,1.0,0.0,0.0,0.0,0.0
4,0.0,10.0,pct_positive,1.0,1.0,1.0,1.0,0.0,0.0,0.0,0.0
4,0.0045,1.0,pct_positive,0.7886548,0.7887052,0.7976256,0.7977,-0.009045199999999975,-0.00892040000000005,-5.0400000000005996e-05,-7.439999999991898e-05
4,0.0045,5.0,pct_positive,0.963388,0.962974,0.968334,0.9682,-0.0048119999999999274,-0.005360000000000031,0.00041400000000002546,0.0001340000000000785
4,0.0045,10.0,pct_positive,0.994436,0.994192,0.995576,0.9957,-0.0012640000000000429,-0.0013840000000000519,0.00024400000000002198,-0.000124000000000013
4,0.009,1.0,pct_positive,0.6362192,0.6370948,0.6436876,0.6439,-0.007680800000000043,-0.006592800000000065,-0.0008755999999999764,-0.00021240000000000148
4,0.009,5.0,pct_positive,0.781554,0.780696,0.792042,0.7927,-0.01114599999999999,-0.011346000000000078,0.0008580000000000254,-0.0006579999999999364
4,0.009,10.0,pct_positive,0.863644,0.863292,0.875184,0.8749,-0.011256000000000044,-0.011892000000000014,0.00035200000000001896,0.00028399999999995096
4,0.0135,1.0,pct_positive,0.5686328,0.570686,0.5761628,0.5769,-0.008267199999999919,-0.005476799999999948,-0.0020531999999999773,-0.0007371999999999934
4,0.0135,5.0,pct_positive,0.649834,0.649132,0.660914,0.6612,-0.011365999999999987,-0.01178199999999996,0.0007019999999999804,-0.00028600000000000847
4,0.0135,10.0,pct_positive,0.706224,0.705512,0.720884,0.7209,-0.014676000000000022,-0.015371999999999941,0.0007119999999999349,-1.6000000000016e-05
4,0.018,1.0,pct_positive,0.5270008,0.529896,0.534924,0.5349,-0.007899199999999995,-0.005027999999999921,-0.0028951999999999867,2.399999999991298e-05
4,0.018,5.0,pct_positive,0.558768,0.558808,0.570226,0.5699,-0.01113199999999992,-0.01141800000000004,-3.999999999992898e-05,0.0003260000000000485
4,0.018,10.0,pct_positive,0.583008,0.581084,0.597656,0.5968,-0.013792000000000026,-0.01657199999999992,0.0019239999999999258,0.0008559999999999679
4,0.0225,1.0,pct_positive,0.495902,0.4999352,0.5049528,0.5056,-0.00969800000000004,-0.005017599999999955,-0.0040332000000000146,-0.0006472000000000699
4,0.0225,5.0,pct_positive,0.489444,0.489174,0.501,0.5018,-0.012356000000000034,-0.011826000000000003,0.00026999999999999247,-0.0008000000000000229
4,0.0225,10.0,pct_positive,0.48558,0.482172,0.49888,0.5005,-0.014919999999999933,-0.016708,0.003408000000000022,-0.0016199999999999548
4,0.027,1.0,pct_positive,0.4706324,0.4755768,0.480796,0.4814,-0.010767599999999988,-0.005219199999999979,-0.0049444000000000154,-0.0006039999999999934
4,0.027,5.0,pct_positive,0.432712,0.431826,0.443834,0.4455,-0.012788000000000022,-0.012008000000000019,0.0008859999999999979,-0.0016660000000000008
4,0.027,10.0,pct_positive,0.406152,0.4015,0.418788,0.4206,-0.014447999999999961,-0.01728799999999997,0.0046519999999999895,-0.0018119999999999803
4,0.0315,1.0,pct_positive,0.448316,0.454198,0.4597976,0.46,-0.011684000000000028,-0.005599599999999982,-0.005881999999999998,-0.000202400000000047
4,0.0315,5.0,pct_positive,0.38469,0.383054,0.395696,0.3966,-0.011910000000000032,-0.012641999999999987,0.0016359999999999708,-0.0009040000000000159
4,0.0315,10.0,pct_positive,0.339428,0.334508,0.351776,0.3524,-0.012971999999999984,-0.01726799999999995,0.00491999999999998,-0.0006240000000000134
4,0.036,1.0,pct_positive,0.428302,0.434736,0.4408992,0.4412,-0.012897999999999965,-0.00616319999999998,-0.006433999999999995,-0.00030079999999998996
4,0.036,5.0,pct_positive,0.341902,0.33884,0.352682,0.3537,-0.01179800000000003,-0.013842000000000021,0.003062000000000009,-0.0010180000000000189
4,0.036,10.0,pct_positive,0.282664,0.276696,0.294172,0.2947,-0.012035999999999991,-0.01747599999999999,0.005968000000000029,-0.0005280000000000284
4,0.0405,1.0,pct_positive,0.4098144,0.4165436,0.4232892,0.4231,-0.013285599999999953,-0.006745599999999963,-0.006729199999999991,0.00018920000000000048
4,0.0405,5.0,pct_positive,0.303682,0.299328,0.313816,0.3137,-0.010017999999999971,-0.014488000000000001,0.0043540000000000245,0.00011600000000000499
4,0.0405,10.0,pct_positive,0.23416,0.2265,0.244424,0.242,-0.007839999999999986,-0.017923999999999995,0.00766,0.0024240000000000095
4,0.045,1.0,pct_positive,0.3923656,0.3992464,0.40669,0.4073,-0.014934400000000014,-0.007443599999999995,-0.00688080000000002,-0.0006099999999999994
4,0.045,5.0,pct_positive,0.269524,0.263382,0.278672,0.2793,-0.009776000000000007,-0.01528999999999997,0.006141999999999981,-0.0006280000000000174
4,0.045,10.0,pct_positive,0.192676,0.183224,0.201472,0.2002,-0.007524000000000003,-0.018248000000000014,0.009451999999999988,0.0012720000000000231
0,0.0,1.0,p99,0.06167781186447585,0.061677811864498056,0.061677811864498056,0.062,-0.0003221881355241485,0.0,-2.220446049250313e-14,-0.00032218813550194403
0,0.0,5.0,p99,0.3488501525491676,0.3488501525493075,0.3488501525493075,0.349,-0.00014984745083235218,0.0,-1.3988810110276972e-13,-0.00014984745069246408
0,0.0,10.0,p99,0.8193967340319095,0.819396734032291,0.819396734032291,0.819,0.00039673403190954026,0.0,-3.814726312612038e-13,0.0003967340322910129
0,0.0045,1.0,p99,0.2503664304315066,0.24932771023129166,0.24241362956519122,0.242,0.008366430431506588,0.006914080666100442,0.001038720200214921,0.00041362956519122585
0,0.0045,5.0,p99,0.9321799959048473,0.9285852171667034,0.9055329636766402,0.905,0.02717999590484732,0.023052253490063235,0.0035947787381439555,0.0005329636766401302
0,0.0045,10.0,p99,2.002726208020834,2.009287653443464,1.9596505679525023,1.948,0.054726208020833944,0.049637085490961574,-0.00656144542262993,0.0116505679525023
0,0.009,1.0,p99,0.46504246271997546,0.4608464993336328,0.4451617678895925,0.446,0.01904246271997545,0.015684731444040312,0.004195963386342649,-0.0008382321104075108
0,0.009,5.0,p99,1.6981758618906373,1.687004522707484,1.6272611532823305,1.631,0.06717586189063729,0.05974336942515346,0.011171339183153384,-0.003738846717669553
0,0.009,10.0,p99,3.7095864742022737,3.7302368389888123,3.5898081874015695,3.559,0.15058647420227356,0.14042865158724283,-0.02065036478653859,0.03080818740156932
0,0.0135,1.0,p99,0.7077465439990638,0.6982145756141969,0.6716012791474857,0.671,0.03674654399906374,0.026613296466711178,0.009531968384866918,0.0006012791474856449
0,0.0135,5.0,p99,2.670926925630062,2.6515759630414335,2.5375521170269804,2.552,0.11892692563006202,0.11402384601445315,0.019350962588628562,-0.014447882973019688
0,0.0135,10.0,p99,6.020485163985972,6.078678502527284,5.793981731421685,5.772,0.24848516398597198,0.2846967711055992,-0.05819333854131159,0.02198173142168436
0,0.018,1.0,p99,0.9803746978021421,0.9631903935630755,0.9229898069226284,0.921,0.05937469780214211,0.04020058664044701,0.017184304239066694,0.001989806922628401
0,0.018,5.0,p99,3.871106787477242,3.844643544389281,3.656369543198714,3.665,0.20610678747724176,0.1882740011905666,0.026463243087960997,-0.008630456801285824
0,0.018,10.0,p99,8.948849953086071,9.078304134852315,8.60359103819141,8.392,0.556849953086072,0.47471309666090455,-0.1294541817662438,0.21159103819141123
0,0.0225,1.0,p99,1.2849150027441223,1.2583604463052531,1.2013997109381236,1.201,0.08391500274412222,0.056960735367129534,0.02655455643886917,0.0003997109381235209
0,0.0225,5.0,p99,5.302010348193101,5.2760405288117,4.993637839013003,4.988,0.3140103481931007,0.28240268979869754,0.02596981938140086,0.005637839013002299
0,0.0225,10.0,p99,12.402410282820927,12.63413864859518,11.940338600362702,11.688,0.7144102828209267,0.6938000482324771,-0.23172836577425215,0.2523386003627017
0,0.027,1.0,p99,1.6229784042612132,1.5867574455347169,1.5088297970309226,1.508,0.1149784042612132,0.0779276485037943,0.03622095872649633,0.0008297970309225633
0,0.027,5.0,p99,6.944945434955131,6.9447065509028025,6.544374080435088,6.551,0.393945434955131,0.40033247046771425,0.0002388840523286362,-0.006625919564911875
0,0.027,10.0,p99,16.170631528179054,16.611836485726652,15.672432080292191,15.25,0.9206315281790545,0.9394044054344608,-0.4412049575475976,0.42243208029219126
0,0.0315,1.0,p99,1.9959411662479514,1.949652096793719,1.8465024042357743,1.848,0.14794116624795128,0.1031496925579447,0.04628906945423239,-0.001497595764225812
0,0.0315,5.0,p99,8.765728479198861,8.83697889927487,8.292741252992732,8.193,0.5727284791988616,0.5442376462821379,-0.07125042007600868,0.0997412529927324
0,0.0315,10.0,p99,19.902505720735274,20.638063219113914,19.564695729781416,19.153,0.7495057207352751,1.0733674893324974,-0.7355574983786397,0.41169572978141744
0,0.036,1.0,p99,2.4044656853396007,2.348781172775515,2.2155700083640895,2.215,0.18946568533960084,0.13321116441142555,0.055684512564085686,0.0005700083640896025
0,0.036,5.0,p99,10.703850911650912,10.884405223592447,10.201439125049966,10.179,0.5248509116509119,0.6829660985424812,-0.1805543119415347,0.02243912504996537
0,0.036,10.0,p99,23.164527836274456,24.21627371495384,23.145867356698975,22.589,0.5755278362744569,1.0704063582548642,-1.0517458786793838,0.5568673566989766
0,0.0405,1.0,p99,2.8497387124837825,2.7879682894939695,2.6173324561168174,2.615,0.2347387124837823,0.17063583337715205,0.061770422989813056,0.0023324561168172053
0,0.0405,5.0,p99,12.68276676155432,13.021336680334676,12.198848262243184,12.055,0.6277667615543194,0.822488418091492,-0.33856991878035636,0.1438482622431838
0,0.0405,10.0,p99,25.516235775160364,26.834078402235757,26.020296946233135,24.857,0.659235775160365,0.8137814560026229,-1.3178426270753931,1.1632969462331353
0,0.045,1.0,p99,3.3303104902439027,3.269830553070737,3.0527560529071813,3.047,0.28331049024390254,0.21707450016355567,0.06047993717316569,0.005756052907181175
0,0.045,5.0,p99,14.589483309556101,15.118012310223104,14.231972590554438,14.147,0.44248330955610093,0.8860397196686662,-0.5285290006670031,0.08497259055443784
0,0.045,10.0,p99,26.727293615416862,28.168429158433035,27.725172144362745,27.266,-0.5387063845831364,0.4432570140702907,-1.4411355430161734,0.45917214436274634
1,0.0,1.0,p99,0.06167781186447585,0.061677811864498056,0.061677811864498056,0.062,-0.0003221881355241485,0.0,-2.220446049250313e-14,-0.00032218813550194403
1,0.0,5.0,p99,0.3488501525491676,0.3488501525493075,0.3488501525493075,0.349,-0.00014984745083235218,0.0,-1.3988810110276972e-13,-0.00014984745069246408
1,0.0,10.0,p99,0.8193967340319095,0.819396734032291,0.819396734032291,0.819,0.00039673403190954026,0.0,-3.814726312612038e-13,0.0003967340322910129
1,0.0045,1.0,p99,0.25046104746665565,0.2491210034509917,0.2421935118249687,0.242,0.008461047466655658,0.006927491626022991,0.0013400440156639548,0.00019351182496871178
1,0.0045,5.0,p99,0.932515010273814,0.9291944907411809,0.9060721793396931,0.905,0.027515010273813978,0.023122311401487794,0.003320519532633126,0.001072179339693058
1,0.0045,10.0,p99,2.006208291791524,1.994853885791656,1.9457433736133976,1.948,0.05820829179152387,0.04911051217825846,0.011354405999867812,-0.0022566263866024006
1,0.009,1.0,p99,0.4651324945561359,0.460321661181979,0.4446723720731738,0.446,0.019132494556135915,0.015649289108805198,0.004810833374156942,-0.0013276279268262248
1,0.009,5.0,p99,1.6988812313394055,1.6871848160301302,1.6276365998313491,1.631,0.06788123133940549,0.059548216198781034,0.011696415309275343,-0.0033634001686508874
1,0.009,10.0,p99,3.718992481129459,3.6821444957985032,3.545162702881229,3.559,0.15999248112945885,0.13698179291727408,0.03684798533095579,-0.01383729711877102
1,0.0135,1.0,p99,0.7078035604865451,0.6970462281526035,0.6704958793175975,0.671,0.036803560486545095,0.026550348835006066,0.010757332333941605,-0.0005041206824025757
1,0.0135,5.0,p99,2.674591700015515,2.650843669522012,2.5385316451819517,2.552,0.12259170001551478,0.11231202434006038,0.023748030493502714,-0.013468354818048311
1,0.0135,10.0,p99,6.039606445931536,5.959984169037179,5.686245648447628,5.772,0.26760644593153593,0.2737385205895517,0.07962227689435686,-0.08575435155237265
1,0.018,1.0,p99,0.980463727566173,0.9618968354033756,0.9216942942145155,0.921,0.05946372756617291,0.04020254118886002,0.018566892162797388,0.0006942942145155007
1,0.018,5.0,p99,3.8753498084992475,3.8406717652599873,3.6530980156482085,3.665,0.21034980849924745,0.18757374961177886,0.03467804323926016,-0.011901984351791572
1,0.018,10.0,p99,8.971179778847063,8.83219339236329,8.381634704969969,8.392,0.5791797788470632,0.45055868739332183,0.13898638648377215,-0.010365295030030808
1,0.0225,1.0,p99,1.2852494764941353,1.2570974155089902,1.200150782092099,1.201,0.08424947649413528,0.056946633416891324,0.02815206098514511,-0.0008492179079011564
1,0.0225,5.0,p99,5.309596096270421,5.266038567410752,4.983102406142046,4.988,0.3215960962704205,0.28293616126870624,0.04355752885966879,-0.004897593857954519
1,0.0225,10.0,p99,12.432601905662736,12.20712705575798,11.552387823645683,11.688,0.7446019056627353,0.6547392321122967,0.22547484990475652,-0.13561217635431788
1,0.027,1.0,p99,1.6231623679399103,1.5844474799499775,1.5068846372669775,1.508,0.1151623679399103,0.07756284268299996,0.038714887989932834,-0.0011153627330224847
1,0.027,5.0,p99,6.960802124229419,6.929475105402935,6.532546962253161,6.551,0.40980212422941875,0.39692814314977465,0.03132701882648359,-0.018453037746839485
1,0.027,10.0,p99,16.20716992591648,15.914051260782255,15.076463794702065,15.25,0.9571699259164816,0.8375874660801905,0.2931186651342266,-0.17353620529793545
1,0.0315,1.0,p99,1.995523489772309,1.9467332092885903,1.8439250313056619,1.848,0.147523489772309,0.1028081779829284,0.048790280483718806,-0.00407496869433821
1,0.0315,5.0,p99,8.789887888804593,8.795100446664584,8.254766420227924,8.193,0.5968878888045932,0.5403340264366605,-0.005212557859991307,0.061766420227924
1,0.0315,10.0,p99,19.933883586897984,19.711958825914348,18.70849790456503,19.153,0.7808835868979855,1.003460921349319,0.22192476098363656,-0.4445020954349701
1,0.036,1.0,p99,2.40456104201064,2.3464109552628565,2.2128423761295744,2.215,0.18956104201064017,0.13356857913328213,0.05815008674778355,-0.002157623870425507
1,0.036,5.0,p99,10.739252409942772,10.820866154418614,10.14846705521887,10.179,0.5602524099427715,0.6723990991997439,-0.0816137444758418,-0.030532944781130666
1,0.036,10.0,p99,23.18462946814772,23.01970429442427,22.01415782209007,22.589,0.5956294681477203,1.0055464723341991,0.16492517372345006,-0.5748421779099289
1,0.0405,1.0,p99,2.8497229794216827,2.7844730509083706,2.614392491806043,2.615,0.23472297942168252,0.17008055910232756,0.06524992851331213,-0.0006075081939571625
1,0.0405,5.0,p99,12.716485671133185,12.934170124193278,12.145850674984136,12.055,0.6614856711331853,0.7883194492091423,-0.21768445306009276,0.09085067498413579
1,0.0405,10.0,p99,25.51425132225921,25.370302793949506,24.590902915291277,24.857,0.65725132225921,0.7793998786582286,0.1439485283097035,-0.26609708470872206
1,0.045,1.0,p99,3.330568097940941,3.266575510400218,3.0508386113468062,3.047,0.28356809794094096,0.21573689905341187,0.06399258754072301,0.0038386113468060756
1,0.045,5.0,p99,14.623507427625192,15.039514522246634,14.123842897020264,14.147,0.47650742762519194,0.9156716252263699,-0.4160070946214418,-0.023157102979736166
1,0.045,10.0,p99,26.64034832108694,26.314476520690757,26.040464541397963,27.266,-0.6256516789130586,0.2740119792927942,0.32587180039618246,-1.2255354586020353
2,0.0,1.0,p99,0.06167781186447585,0.061677811864498056,0.061677811864498056,0.062,-0.0003221881355241485,0.0,-2.220446049250313e-14,-0.00032218813550194403
2,0.0,5.0,p99,0.3488501525491676,0.3488501525493075,0.3488501525493075,0.349,-0.00014984745083235218,0.0,-1.3988810110276972e-13,-0.00014984745069246408
2,0.0,10.0,p99,0.8193967340319095,0.819396734032291,0.819396734032291,0.819,0.00039673403190954026,0.0,-3.814726312612038e-13,0.0003967340322910129
2,0.0045,1.0,p99,0.25035538179247036,0.24973797456938018,0.24280127508729135,0.242,0.008355381792470362,0.006936699482088832,0.0006174072230901717,0.0008012750872913588
2,0.0045,5.0,p99,0.9295993327096657,0.9292535679114773,0.9063344895380347,0.905,0.024599332709665633,0.022919078373442536,0.0003457647981883749,0.0013344895380347221
2,0.0045,10.0,p99,1.9970010146662953,1.999387336137044,1.9500880691418356,1.948,0.04900101466629536,0.04929926699520837,-0.002386321470748687,0.00208806914183568
2,0.009,1.0,p99,0.4649842019988771,0.4618600043930243,0.4460825674237747,0.446,0.01898420199887707,0.015777436969249603,0.003124197605852752,8.256742377471538e-05
2,0.009,5.0,p99,1.6907469187297959,1.6893815687796492,1.6293776464153398,1.631,0.05974691872979587,0.0600039223643094,0.0013653499501466992,-0.00162235358466023
2,0.009,10.0,p99,3.6931590589244183,3.7008510714463325,3.5624110665936195,3.559,0.13415905892441815,0.13844000485271302,-0.007692012521914204,0.0034110665936193385
2,0.0135,1.0,p99,0.7075436089112096,0.7000340993310983,0.6734190048250264,0.671,0.03654360891120956,0.026615094506071912,0.007509509580111318,0.0024190048250263274
2,0.0135,5.0,p99,2.6577068420536634,2.6543515686138144,2.541649529044023,2.552,0.10570684205366332,0.11270203956979152,0.0033552734398489825,-0.010350470955977187
2,0.0135,10.0,p99,5.987817647838477,6.011055555506316,5.73141857891873,5.772,0.21581764783847657,0.2796369765875859,-0.023237907667839508,-0.04058142108126983
2,0.018,1.0,p99,0.9801348291575973,0.96612514665449,0.9255683240083579,0.921,0.05913482915759727,0.04055682264613214,0.014009682503107301,0.004568324008357827
2,0.018,5.0,p99,3.8491287269471655,3.844266141555179,3.6567485934512,3.665,0.18412872694716542,0.1875175481039788,0.004862585391986585,-0.008251406548799967
2,0.018,10.0,p99,8.891800281230362,8.973016222114113,8.5047266536128,8.392,0.49980028123036213,0.468289568501314,-0.08121594088375161,0.11272665361279977
2,0.0225,1.0,p99,1.2844304420006913,1.2629424389672625,1.205580451010883,1.201,0.08343044200069127,0.05736198795637959,0.021488003033428793,0.004580451010882891
2,0.0225,5.0,p99,5.261177522314314,5.275240253309858,4.991956545580254,4.988,0.27317752231431314,0.28328370772960376,-0.014062730995544115,0.00395654558025349
2,0.0225,10.0,p99,12.306130563602116,12.470109842877507,11.790096751343684,11.688,0.618130563602115,0.6800130915338229,-0.16397927927539158,0.10209675134368368
2,0.027,1.0,p99,1.622101700284915,1.5920770186640985,1.5139472871750448,1.508,0.11410170028491495,0.07812973148905367,0.030024681620816507,0.00594728717504478
2,0.027,5.0,p99,6.891884452083963,6.937701214385612,6.538559874344007,6.551,0.3408844520839631,0.39914134004160484,-0.04581676230164877,-0.01244012565599295
2,0.027,10.0,p99,16.03140115600282,16.288539486586387,15.403907433769938,15.25,0.7814011560028185,0.8846320528164497,-0.25713833058356883,0.15390743376993754
2,0.0315,1.0,p99,1.9946637123267505,1.9564021894699712,1.8525847129435433,1.848,0.14666371232675046,0.10381747652642792,0.038261522856779306,0.004584712943543234
2,0.0315,5.0,p99,8.69115265135813,8.818005675006921,8.28021004979148,8.193,0.49815265135813114,0.5377956252154412,-0.12685302364879014,0.08721004979148006
2,0.0315,10.0,p99,19.700176947663536,20.095651290381607,19.054352249687483,19.153,0.5471769476635373,1.041299040694124,-0.3954743427180709,-0.09864775031251583
2,0.036,1.0,p99,2.4027372889374132,2.358438369362792,2.224153459835177,2.215,0.18773728893741337,0.13428490952761507,0.04429891957462129,0.009153459835177014
2,0.036,5.0,p99,10.59471178498179,10.872470326202626,10.191039395517969,10.179,0.41571178498178973,0.6814309306846571,-0.27775854122083565,0.012039395517968288
2,0.036,10.0,p99,22.88980944358327,23.484369255779455,22.464036625116332,22.589,0.30080944358327244,1.0203326306631233,-0.5945598121961844,-0.12496337488366649
2,0.0405,1.0,p99,2.84605657389019,2.799871136483338,2.628314556792385,2.615,0.23105657389018974,0.17155657969095284,0.04618543740685199,0.013314556792384913
2,0.0405,5.0,p99,12.536701142273449,12.992445398414032,12.178351591350527,12.055,0.4817011422734492,0.8140938070635055,-0.45574425614058356,0.1233515913505272
2,0.0405,10.0,p99,25.2266041349621,25.99732677140803,25.242883548850696,24.857,0.3696041349620991,0.7544432225573345,-0.7707226364459316,0.3858835488506962
2,0.045,1.0,p99,3.326966873208575,3.283027594388157,3.06657534445737,3.047,0.2799668732085747,0.21645224993078704,0.043939278820417815,0.01957534445736986
2,0.045,5.0,p99,14.41396044925838,15.055691901306053,14.163420458340251,14.147,0.26696044925837903,0.8922714429658019,-0.641731452047674,0.016420458340251187
2,0.045,10.0,p99,26.318917766186274,27.194936034043284,26.84945778407803,27.266,-0.9470822338137239,0.3454782499652538,-0.8760182678570096,-0.41654221592196805
3,0.0,1.0,p99,0.06167781186447585,0.061677811864498056,0.061677811864498056,0.062,-0.0003221881355241485,0.0,-2.220446049250313e-14,-0.00032218813550194403
3,0.0,5.0,p99,0.3488501525491676,0.3488501525493075,0.3488501525493075,0.349,-0.00014984745083235218,0.0,-1.3988810110276972e-13,-0.00014984745069246408
3,0.0,10.0,p99,0.8193967340319095,0.819396734032291,0.819396734032291,0.819,0.00039673403190954026,0.0,-3.814726312612038e-13,0.0003967340322910129
3,0.0045,1.0,p99,0.250244738198563,0.24959882702997924,0.24266950006639218,0.242,0.008244738198563029,0.006929326963587057,0.0006459111685837848,0.0006695000663921868
3,0.0045,5.0,p99,0.9320382003680894,0.930838616889473,0.9076604572215784,0.905,0.02703820036808935,0.023178159667894604,0.0011995834786163728,0.0026604572215783717
3,0.0045,10.0,p99,2.0032090276464136,2.001120592583227,1.9519984064368232,1.948,0.055209027646413666,0.04912218614640396,0.0020884350631864557,0.003998406436823254
3,0.009,1.0,p99,0.46474934861034933,0.46145095881355597,0.44575997136669177,0.446,0.018749348610349326,0.015690987446864202,0.003298389796793366,-0.00024002863330824242
3,0.009,5.0,p99,1.6972352191507774,1.6906589705657926,1.6310940365933868,1.631,0.06623521915077735,0.05956493397240581,0.006576248584984734,9.40365933868037e-05
3,0.009,10.0,p99,3.7106892828133926,3.7029381240558457,3.564588125729056,3.559,0.15168928281339245,0.13834999832678951,0.00775115875754695,0.005588125729055982
3,0.0135,1.0,p99,0.707146007707772,0.6992418028385466,0.6725319409010473,0.671,0.03614600770777199,0.026709861937499357,0.007904204869225384,0.0015319409010472462
3,0.0135,5.0,p99,2.6717643983349397,2.6577366834068177,2.5437001423917818,2.552,0.11976439833493968,0.11403654101503591,0.014027714928122048,-0.008299857608218275
3,0.0135,10.0,p99,6.021503946873438,6.006676503805171,5.7299737319794275,5.772,0.24950394687343813,0.2767027718257431,0.014827443068267776,-0.04202626802057274
3,0.018,1.0,p99,0.9796738316600868,0.9653971121301723,0.9251806371800374,0.921,0.05867383166008677,0.04021647495013492,0.014276719529914494,0.004180637180037361
3,0.018,5.0,p99,3.8706025311590295,3.8570456218320475,3.6682552279702314,3.665,0.2056025311590295,0.18879039386181606,0.013556909326982058,0.003255227970231367
3,0.018,10.0,p99,8.944481205764243,8.933342090184203,8.481863013831527,8.392,0.5524812057642432,0.45147907635267615,0.011139115580039771,0.08986301383152728
3,0.0225,1.0,p99,1.283845416097287,1.2617907345420778,1.2043946043400298,1.201,0.0828454160972869,0.057396130202048035,0.022054681555209177,0.0033946043400296944
3,0.0225,5.0,p99,5.298647076396794,5.301226181051776,5.015088164244807,4.988,0.31064707639679323,0.2861380168069694,-0.002579104654982345,0.0270881642448062
3,0.0225,10.0,p99,12.392290518501609,12.433987454361219,11.755112856999599,11.688,0.7042905185016082,0.6788745973616201,-0.04169693585961021,0.06711285699959824
3,0.027,1.0,p99,1.6216886507591717,1.5913744019692402,1.5133286044828436,1.508,0.11368865075917167,0.07804579748639662,0.030314248789931497,0.0053286044828435575
3,0.027,5.0,p99,6.942175061589086,6.980399171434356,6.575693378064703,6.551,0.39117506158908544,0.4047057933696525,-0.03822410984527025,0.024693378064703175
3,0.027,10.0,p99,16.13269939333023,16.244337702370906,15.357877772481306,15.25,0.8826993933302312,0.8864599298896003,-0.11163830904067495,0.10787777248130581
3,0.0315,1.0,p99,1.9944413329998794,1.9552179898286943,1.8518882290510312,1.848,0.14644133299987927,0.1033297607776631,0.03922334317118503,0.0038882290510311446
3,0.0315,5.0,p99,8.760002131430731,8.882427610241782,8.340341732054739,8.193,0.5670021314307316,0.5420858781870432,-0.12242547881105104,0.14734173205473944
3,0.0315,10.0,p99,19.824011666108763,20.00829286869765,19.000807358948567,19.153,0.6710116661087646,1.0074855097490847,-0.18428120258888825,-0.15219264105143182
3,0.036,1.0,p99,2.4022162582791977,2.355561103289598,2.222009143932604,2.215,0.18721625827919786,0.13355195935699404,0.04665515498959971,0.0070091439326041005
3,0.036,5.0,p99,10.705439769452822,10.923313074459474,10.246888367270873,10.179,0.5264397694528213,0.6764247071886,-0.21787330500665192,0.06788836727087322
3,0.036,10.0,p99,23.007950540026123,23.406560650484522,22.385659327339567,22.589,0.418950540026124,1.0209013231449546,-0.39861011045839945,-0.2033406726604312
3,0.0405,1.0,p99,2.846063264417679,2.797386964030587,2.62554447376704,2.615,0.23106326441767866,0.17184249026354692,0.04867630038709203,0.010544473767039708
3,0.0405,5.0,p99,12.666884536505606,13.091114202976739,12.266453186791923,12.055,0.611884536505606,0.824661016184816,-0.4242296664711329,0.21145318679192293
3,0.0405,10.0,p99,25.309499677552864,25.947684877533653,25.12347902600769,24.857,0.4524996775528649,0.8242058515259636,-0.6381851999807893,0.2664790260076906
3,0.045,1.0,p99,3.3267197520093053,3.2820325511249706,3.064538812354337,3.047,0.2797197520093051,0.21749373877063372,0.044687200884334644,0.01753881235433674
3,0.045,5.0,p99,14.559316470575615,15.182740838511824,14.284018489179825,14.147,0.4123164705756146,0.8987223493319991,-0.6234243679362095,0.13701848917982495
3,0.045,10.0,p99,26.41148986707978,27.01021430386923,26.748488465148462,27.266,-0.8545101329202183,0.2617258387207677,-0.5987244367894498,-0.5175115348515362
4,0.0,1.0,p99,0.06167781186447585,0.061677811864498056,0.061677811864498056,0.062,-0.0003221881355241485,0.0,-2.220446049250313e-14,-0.00032218813550194403
4,0.0,5.0,p99,0.3488501525491676,0.3488501525493075,0.3488501525493075,0.349,-0.00014984745083235218,0.0,-1.3988810110276972e-13,-0.00014984745069246408
4,0.0,10.0,p99,0.8193967340319095,0.819396734032291,0.819396734032291,0.819,0.00039673403190954026,0.0,-3.814726312612038e-13,0.0003967340322910129
4,0.0045,1.0,p99,0.25035566495740164,0.24927206205345306,0.2423455416902336,0.242,0.008355664957401643,0.006926520363219474,0.0010836029039485717,0.00034554169023359727
4,0.0045,5.0,p99,0.9304842550826725,0.9270311060391168,0.9040883871312704,0.905,0.02548425508267249,0.022942718907846382,0.003453149043555759,-0.0009116128687296499
4,0.0045,10.0,p99,1.9958406893228084,1.9875677544210375,1.9388849653992473,1.948,0.047840689322808494,0.04868278902179024,0.008272934901770945,-0.009115034600752692
4,0.009,1.0,p99,0.4649858553444448,0.4606075039583696,0.4449633419819038,0.446,0.018985855344444802,0.015644161976465787,0.00437835138607523,-0.0010366580180962148
4,0.009,5.0,p99,1.693483257054585,1.6808784471070686,1.6218052563759118,1.631,0.06248325705458502,0.0590731907311568,0.012604809947516449,-0.00919474362408823
4,0.009,10.0,p99,3.686846473863707,3.662577754023321,3.5262716754125187,3.559,0.12784647386370684,0.13630607861080213,0.024268719840386144,-0.03272832458748143
4,0.0135,1.0,p99,0.7075686225299769,0.6977886057938951,0.6711590208363712,0.671,0.036568622529976835,0.026629584957523877,0.009780016736081754,0.00015902083637120423
4,0.0135,5.0,p99,2.6643750424481953,2.6370627547764713,2.5243286748463363,2.552,0.1123750424481953,0.11273407993013507,0.027312287671724,-0.027671325153663773
4,0.0135,10.0,p99,5.96911000843291,5.921029179947769,5.649500476528818,5.772,0.19711000843290982,0.27152870341895063,0.0480808284851415,-0.12249952347118231
4,0.018,1.0,p99,0.9800804803947012,0.9626118574787882,0.9224672033838586,0.921,0.05908048039470115,0.04014465409492962,0.017468622915913,0.0014672033838585286
4,0.018,5.0,p99,3.862064737349002,3.8174990161558813,3.631929402132743,3.665,0.19706473734900198,0.1855696140231382,0.044565721193120744,-0.03307059786725697
4,0.018,10.0,p99,8.838243376156141,8.783876506638567,8.336016430948817,8.392,0.44624337615614174,0.44786007568974995,0.0543668695175743,-0.055983569051182513
4,0.0225,1.0,p99,1.2845383446013399,1.2576537020574172,1.2008053132577596,1.201,0.0835383446013398,0.05684838879965759,0.026884642543922643,-0.00019468674224043525
4,0.0225,5.0,p99,5.285362588149816,5.236517284458237,4.955698904712065,4.988,0.29736258814981564,0.2808183797461714,0.04884530369157947,-0.03230109528793523
4,0.0225,10.0,p99,12.199266808081585,12.190651912681357,11.514436543095853,11.688,0.5112668080815848,0.6762153695855044,0.008614895400228306,-0.17356345690414798
4,0.027,1.0,p99,1.6225600428015952,1.5845687561651456,1.5070387779799688,1.508,0.11456004280159515,0.07752997818517682,0.03799128663644957,-0.0009612220200312382
4,0.027,5.0,p99,6.920967264024406,6.876464748734269,6.482558647153366,6.551,0.36996726402440583,0.3939061015809031,0.04450251529013727,-0.06844135284663455
4,0.027,10.0,p99,15.82465590644633,15.9125689602064,15.071935316205161,15.25,0.5746559064463295,0.8406336440012385,-0.08791305376007053,-0.17806468379483853
4,0.0315,1.0,p99,1.9953131051587152,1.9454806428106188,1.8433093963497473,1.848,0.1473131051587151,0.1021712464608715,0.04983246234809635,-0.004690603650252756
4,0.0315,5.0,p99,8.735863024382951,8.746241652997318,8.216371648424456,8.193,0.5428630243829513,0.5298700045728619,-0.010378628614367003,0.02337164842445638
4,0.0315,10.0,p99,19.37984962047118,19.579276357813683,18.612612746308553,19.153,0.22684962047118162,0.9666636115051297,-0.1994267373425025,-0.5403872536914456
4,0.036,1.0,p99,2.4036754138266523,2.345179504260213,2.2111843598077425,2.215,0.18867541382665243,0.13399514445247052,0.05849590956643924,-0.00381564019225733
4,0.036,5.0,p99,10.659831980419373,10.761491786112153,10.099771045432211,10.179,0.4808319804193726,0.6617207406799412,-0.10165980569277977,-0.07922895456778889
4,0.036,10.0,p99,22.47406675524562,22.93637343588279,21.96745434652816,22.589,-0.11493324475437916,0.9689190893546282,-0.4623066806371696,-0.6215456534718378
4,0.0405,1.0,p99,2.8480788047080243,2.782653150597928,2.6126254481620435,2.615,0.2330788047080241,0.17002770243588472,0.06542565411009615,-0.002374551837956762
4,0.0405,5.0,p99,12.624148138463635,12.865437778385003,12.066934150193037,12.055,0.5691481384636354,0.7985036281919662,-0.24128963992136754,0.011934150193036785
4,0.0405,10.0,p99,24.71811920446277,25.23694175495277,24.519246311540073,24.857,-0.13888079553722932,0.7176954434126976,-0.5188225504900004,-0.3377536884599266
4,0.045,1.0,p99,3.3275744518084216,3.261715562245382,3.0474587065734187,3.047,0.28057445180842144,0.2142568556719633,0.06585888956303965,0.0004587065734185103
4,0.045,5.0,p99,14.519814215523077,14.984857484454642,14.059486161204342,14.147,0.3728142155230767,0.9253713232502996,-0.46504326893156467,-0.08751383879565822
4,0.045,10.0,p99,25.783148556449433,26.417586393155858,26.05909844033825,27.266,-1.4828514435505653,0.35848795281760815,-0.6344378367064252,-1.2069015596617483
