mu,sigma,horizon_periods,horizon_years,sampling,return_model,seed,n_paths,n_periods,n_draws,n_obs,mean,sd,skew,median,pct_positive,p99,unclipped_exact_mean,unclipped_exact_sd,unclipped_exact_skew,unclipped_exact_kurt,skew_bound,n_below_minus_one
0.005,0.0,12,1.0,block,literal,0,250000,120,30000000,2500000,0.06167781186449836,0.0,,0.061677811864498056,1.0,0.061677811864498056,0.06167781186449828,0.0,,,1581.1378814007335,0
0.005,0.0,60,5.0,block,literal,0,250000,120,30000000,500000,0.34885015254930724,0.0,,0.3488501525493075,1.0,0.3488501525493075,0.3488501525493075,0.0,,,707.1046598644361,0
0.005,0.0,120,10.0,block,literal,0,250000,120,30000000,250000,0.819396734032291,0.0,,0.819396734032291,1.0,0.819396734032291,0.8193967340322901,0.0,,,499.996999995,0
0.005,0.02,12,1.0,block,literal,0,250000,120,30000000,2500000,0.061714349971172644,0.07328925946289053,0.18786350928435197,0.05944193117368368,0.7978272,0.24241362956519122,0.06167781186449828,0.0732690211427617,0.18995984627016438,3.0627436313345044,1581.1378814007335,0
0.005,0.02,60,5.0,block,literal,0,250000,120,30000000,500000,0.34908036586943475,0.20919966485823038,0.4582406680823618,0.3333892210289814,0.968376,0.9055329636766402,0.3488501525493075,0.2091436929889568,0.46076361524161413,3.378093672659991,707.1046598644361,0
0.005,0.02,120,10.0,block,literal,0,250000,120,30000000,250000,0.8200680465976878,0.4020631303684018,0.6764556929208879,0.7768721717533985,0.995648,1.9596505679525023,0.8193967340322901,0.4013453056361921,0.6664525429486715,3.798053832293556,499.996999995,0
0.005,0.04,12,1.0,block,literal,0,250000,120,30000000,2500000,0.06175416094165592,0.14705094459095788,0.3802231799544152,0.05259638886174034,0.644498,0.4451617678895925,0.06167781186449828,0.1470181547397765,0.38222452326694545,3.254651907413643,1581.1378814007335,0
0.005,0.04,60,5.0,block,literal,0,250000,120,30000000,500000,0.3493246185424629,0.42586407198451526,0.9567195322912685,0.2878067759095243,0.792624,1.6272611532823305,0.3488501525493075,0.4257497782053727,0.9593491581712795,4.670586794636598,707.1046598644361,0
0.005,0.04,120,10.0,block,literal,0,250000,120,30000000,250000,0.8210011171712103,0.8348868662447432,1.454794355041489,0.6551358944899933,0.875792,3.5898081874015695,0.8193967340322901,0.8321264266755241,1.451147418503927,6.949510081171666,499.996999995,0
0.005,0.06,12,1.0,block,literal,0,250000,120,30000000,2500000,0.0617960864536196,0.22177338268993274,0.5772570260669084,0.04118604614264154,0.5769344,0.6716012791474857,0.06167781186449828,0.22173497602297232,0.5791588557130126,3.5870785422024976,1581.1378814007335,0
0.005,0.06,60,5.0,block,literal,0,250000,120,30000000,500000,0.34957279978141176,0.6581918697955231,1.5385835955851583,0.2146414101614771,0.661612,2.5375521170269804,0.3488501525493075,0.6580033813678698,1.5425872010012973,7.474336026175258,707.1046598644361,0
0.005,0.06,120,10.0,block,literal,0,250000,120,30000000,250000,0.8223628005103295,1.3337577897747785,2.4866315476027885,0.4697857347933908,0.721596,5.793981731421685,0.8193967340322901,1.327759182210732,2.53614096045665,16.17648186610768,499.996999995,0
0.005,0.08,12,1.0,block,literal,0,250000,120,30000000,2500000,0.06183895673107726,0.29795979905957803,0.7814707704702427,0.025331421886060745,0.5359028,0.9229898069226284,0.06167781186449828,0.29792211969796384,0.7832486534821871,4.080050790789875,1581.1378814007335,0
0.005,0.08,60,5.0,block,literal,0,250000,120,30000000,500000,0.349817286502167,0.9159022844251707,2.2687231342137495,0.1184831060839745,0.571226,3.656369543198714,0.3488501525493075,0.9156369785683962,2.2787191919118683,13.33646707117327,707.1046598644361,0
0.005,0.08,120,10.0,block,literal,0,250000,120,30000000,250000,0.824285820992812,1.9450439310975307,3.9920323382650627,0.2436914728696128,0.598556,8.60359103819141,0.8193967340322901,1.9374291135736728,4.288569006179493,47.24163316264243,499.996999995,0
0.005,0.1,12,1.0,block,literal,0,250000,120,30000000,2500000,0.0618815988078766,0.3761362317318596,0.9955820221483774,0.005079935615150855,0.5058408,1.2013997109381236,0.06167781186449828,0.3761051461191403,0.9971635926240577,4.764042679717036,1581.1378814007335,0
0.005,0.1,60,5.0,block,literal,0,250000,120,30000000,500000,0.35005319439677873,1.2112294046553096,3.244919622844569,0.004980527169833215,0.502516,4.993637839013003,0.3488501525493075,1.2109758833109596,3.2782441577061436,26.328307923150405,707.1046598644361,0
0.005,0.1,120,10.0,block,literal,0,250000,120,30000000,250000,0.826784971714378,2.7325321173854373,6.292919730486121,0.001298641045487714,0.500512,11.940338600362702,0.8193967340322901,2.7361774469622206,7.56825143331676,182.61714423653362,499.996999995,0
0.005,0.12,12,1.0,block,literal,0,250000,120,30000000,2500000,0.061922844891023204,0.4568599298550001,1.2225996846250549,-0.019317794235442387,0.4813692,1.5088297970309226,0.06167781186449828,0.45684081579942387,1.2238226601135647,5.682701135599603,1581.1378814007335,0
0.005,0.12,60,5.0,block,literal,0,250000,120,30000000,500000,0.3502783260366802,1.5601858179261707,4.61505383099699,-0.12004286934609848,0.445584,6.544374080435088,0.3488501525493075,1.5603611374596762,4.732510054704974,58.09926991033329,707.1046598644361,0
0.005,0.12,120,10.0,block,literal,0,250000,120,30000000,250000,0.8296507307003144,3.7836477182127024,9.80548350664497,-0.2347957892465013,0.420556,15.672432080292191,0.8193967340322901,3.845434077143546,14.604545624988384,986.7759501966696,499.996999995,0
0.005,0.14,12,1.0,block,literal,0,250000,120,30000000,2500000,0.061961540894284343,0.5407283979266402,1.465914038418311,-0.0478249496869016,0.4604512,1.8465024042357743,0.06167781186449828,0.5407259160807883,1.4664624842288585,6.896792836192588,1581.1378814007335,0
0.005,0.14,60,5.0,block,literal,0,250000,120,30000000,500000,0.3504926397925426,1.9841552778755238,6.592069806827762,-0.24992830334511001,0.396932,8.292741252992732,0.3488501525493075,1.9861719208264061,6.988618849385157,145.5669853390105,707.1046598644361,0
0.005,0.14,120,10.0,block,literal,0,250000,120,30000000,250000,0.8323225043954282,5.21415008061468,14.994278029841958,-0.44563544432975766,0.351972,19.564695729781416,0.8193967340322901,5.46961324946071,31.6880462744418,7551.685552659168,499.996999995,0
0.005,0.16,12,1.0,block,literal,0,250000,120,30000000,2500000,0.061996555218866885,0.6283892628998422,1.7293996520695656,-0.08009983811220517,0.4415048,2.2155700083640895,0.06167781186449828,0.62840679048021,1.7287083626593789,8.489750747503567,1581.1378814007335,0
0.005,0.16,60,5.0,block,literal,0,250000,120,30000000,500000,0.3506969366324431,2.511807232828801,9.45332726541972,-0.37821020799395405,0.353696,10.201439125049966,0.3488501525493075,2.5197771562890146,10.698868172651876,418.71018530980547,707.1046598644361,0
0.005,0.16,120,10.0,block,literal,0,250000,120,30000000,250000,0.8337492757273921,7.169899169772746,22.349927873542438,-0.6203387048165641,0.293972,23.145867356698975,0.8193967340322901,7.963480692955635,77.9661234236109,79382.54914286877,499.996999995,0
0.005,0.18,12,1.0,block,literal,0,250000,120,30000000,2500000,0.06202678786457468,0.7205511584125215,2.0175331191610124,-0.11588668411659214,0.42392,2.6173324561168174,0.06167781186449828,0.7205897297028718,2.014647106501256,10.575335860600104,1581.1378814007335,0
0.005,0.18,60,5.0,block,literal,0,250000,120,30000000,500000,0.35089027383668453,3.1812108381313458,13.505802749578262,-0.4996852430834773,0.31481,12.198848262243184,0.3488501525493075,3.2059197303701623,17.124459511222554,1383.514609590013,707.1046598644361,0
0.005,0.18,120,10.0,block,literal,0,250000,120,30000000,250000,0.8322555904278706,9.825533865149566,32.49376684655345,-0.7553181461628917,0.2429,26.020296946233135,0.8193967340322901,11.959719878240344,215.84699424483256,1089511.6782130615,499.996999995,0
0.005,0.2,12,1.0,block,literal,0,250000,120,30000000,2500000,0.06205117996195639,0.817995840095631,2.3355271175506824,-0.1551191018129064,0.4071288,3.0527560529071813,0.06167781186449828,0.8180523936896751,2.3288999191499054,13.308095415854204,1581.1378814007335,4
0.005,0.2,60,5.0,block,literal,0,250000,120,30000000,500000,0.3510653583630953,4.041879632568271,19.008231924531,-0.6099570589223522,0.279766,14.231972590554438,0.3488501525493075,4.109317761224949,28.76079575540534,5195.762991835876,707.1046598644361,4
0.005,0.2,120,10.0,block,literal,0,250000,120,30000000,250000,0.825445795838538,13.382386881856272,46.45000582855957,-0.852451530085507,0.199596,27.725172144362745,0.8193967340322901,18.617198665892857,661.5422283015228,18543522.0209326,499.996999995,4
0.005,0.0,12,1.0,block,literal,1,250000,120,30000000,2500000,0.06167781186449836,0.0,,0.061677811864498056,1.0,0.061677811864498056,0.06167781186449828,0.0,,,1581.1378814007335,0
0.005,0.0,60,5.0,block,literal,1,250000,120,30000000,500000,0.34885015254930724,0.0,,0.3488501525493075,1.0,0.3488501525493075,0.3488501525493075,0.0,,,707.1046598644361,0
0.005,0.0,120,10.0,block,literal,1,250000,120,30000000,250000,0.819396734032291,0.0,,0.819396734032291,1.0,0.819396734032291,0.8193967340322901,0.0,,,499.996999995,0
0.005,0.02,12,1.0,block,literal,1,250000,120,30000000,2500000,0.061729685951460785,0.07321687889455421,0.1908236625195477,0.05940666537191619,0.7981828,0.2421935118249687,0.06167781186449828,0.0732690211427617,0.18995984627016438,3.0627436313345044,1581.1378814007335,0
0.005,0.02,60,5.0,block,literal,1,250000,120,30000000,500000,0.3491834409559291,0.2090244557825431,0.4590739866542497,0.33386008863452676,0.968668,0.9060721793396931,0.3488501525493075,0.2091436929889568,0.46076361524161413,3.378093672659991,707.1046598644361,0
0.005,0.02,120,10.0,block,literal,1,250000,120,30000000,250000,0.8202384384588784,0.4006383842395896,0.6533580830045349,0.7796945304225872,0.995804,1.9457433736133976,0.8193967340322901,0.4013453056361921,0.6664525429486715,3.798053832293556,499.996999995,0
0.005,0.04,12,1.0,block,literal,1,250000,120,30000000,2500000,0.06177429942600679,0.14692335267202042,0.38277013514501673,0.052511814490118436,0.6441552,0.4446723720731738,0.06167781186449828,0.1470181547397765,0.38222452326694545,3.254651907413643,1581.1378814007335,0
0.005,0.04,60,5.0,block,literal,1,250000,120,30000000,500000,0.34946435154243877,0.4255418847573064,0.9613605247282472,0.2886205756321284,0.793054,1.6276365998313491,0.3488501525493075,0.4257497782053727,0.9593491581712795,4.670586794636598,707.1046598644361,0
0.005,0.04,120,10.0,block,literal,1,250000,120,30000000,250000,0.8206886380564382,0.8296674881835217,1.4338535686917606,0.6604496473893704,0.87576,3.545162702881229,0.8193967340322901,0.8321264266755241,1.451147418503927,6.949510081171666,499.996999995,0
0.005,0.06,12,1.0,block,literal,1,250000,120,30000000,2500000,0.06181196089584529,0.22160417389959616,0.5793406781534033,0.041112493934164274,0.5768796,0.6704958793175975,0.06167781186449828,0.22173497602297232,0.5791588557130126,3.5870785422024976,1581.1378814007335,0
0.005,0.06,60,5.0,block,literal,1,250000,120,30000000,500000,0.3496796927746727,0.6578358505917256,1.5524359455456573,0.21598596086350086,0.662118,2.5385316451819517,0.3488501525493075,0.6580033813678698,1.5425872010012973,7.474336026175258,707.1046598644361,0
0.005,0.06,120,10.0,block,literal,1,250000,120,30000000,250000,0.8205027734888068,1.3215987623755465,2.4971551582105085,0.47669178667286227,0.721908,5.686245648447628,0.8193967340322901,1.327759182210732,2.53614096045665,16.17648186610768,499.996999995,0
0.005,0.08,12,1.0,block,literal,1,250000,120,30000000,2500000,0.06184296630993762,0.29775913262538806,0.7830056698280456,0.025210957434812276,0.5355684,0.9216942942145155,0.06167781186449828,0.29792211969796384,0.7832486534821871,4.080050790789875,1581.1378814007335,0
0.005,0.08,60,5.0,block,literal,1,250000,120,30000000,500000,0.34982459433102064,0.9158457213317407,2.305795889666311,0.11984892999615715,0.571526,3.6530980156482085,0.3488501525493075,0.9156369785683962,2.2787191919118683,13.33646707117327,707.1046598644361,0
0.005,0.08,120,10.0,block,literal,1,250000,120,30000000,250000,0.8194569617936488,1.9232341169043263,4.154340894303344,0.2507538602812057,0.600228,8.381634704969969,0.8193967340322901,1.9374291135736728,4.288569006179493,47.24163316264243,499.996999995,0
0.005,0.1,12,1.0,block,literal,1,250000,120,30000000,2500000,0.06186759627014105,0.3759108908933759,0.9964017081040458,0.0049721631191841364,0.5056532,1.200150782092099,0.06167781186449828,0.3761051461191403,0.9971635926240577,4.764042679717036,1581.1378814007335,0
0.005,0.1,60,5.0,block,literal,1,250000,120,30000000,500000,0.34990423665619513,1.212308868864644,3.3414425411137296,0.006091349015260206,0.50299,4.983102406142046,0.3488501525493075,1.2109758833109596,3.2782441577061436,26.328307923150405,707.1046598644361,0
0.005,0.1,120,10.0,block,literal,1,250000,120,30000000,250000,0.8173485124868916,2.7034615669083237,7.096330235725085,0.008071478209283778,0.502896,11.552387823645683,0.8193967340322901,2.7361774469622206,7.56825143331676,182.61714423653362,499.996999995,0
0.005,0.12,12,1.0,block,literal,1,250000,120,30000000,2500000,0.06188611360676321,0.4566131846529735,1.2223863948247624,-0.019500770533263545,0.4812488,1.5068846372669775,0.06167781186449828,0.45684081579942387,1.2238226601135647,5.682701135599603,1581.1378814007335,0
0.005,0.12,60,5.0,block,literal,1,250000,120,30000000,500000,0.3499356572078538,1.5643065960547946,4.861304478506897,-0.1191762847348819,0.446076,6.532546962253161,0.3488501525493075,1.5603611374596762,4.732510054704974,58.09926991033329,707.1046598644361,0
0.005,0.12,120,10.0,block,literal,1,250000,120,30000000,250000,0.8139811010158637,3.7698589290782403,13.053002657534059,-0.22804949271720315,0.422648,15.076463794702065,0.8193967340322901,3.845434077143546,14.604545624988384,986.7759501966696,499.996999995,0
0.005,0.14,12,1.0,block,literal,1,250000,120,30000000,2500000,0.06189876109957412,0.5404595184539994,1.464090810667105,-0.048026012988608535,0.460214,1.8439250313056619,0.06167781186449828,0.5407259160807883,1.4664624842288585,6.896792836192588,1581.1378814007335,0
0.005,0.14,60,5.0,block,literal,1,250000,120,30000000,500000,0.34994901392755895,1.9953847046605773,7.19649945007598,-0.24906739963192104,0.397436,8.254766420227924,0.3488501525493075,1.9861719208264061,6.988618849385157,145.5669853390105,707.1046598644361,0
0.005,0.14,120,10.0,block,literal,1,250000,120,30000000,250000,0.8091396620797894,5.301199424159573,26.22706551397993,-0.4405118835980602,0.354184,18.70849790456503,0.8193967340322901,5.46961324946071,31.6880462744418,7551.685552659168,499.996999995,0
0.005,0.16,12,1.0,block,literal,1,250000,120,30000000,2500000,0.06190575920431825,0.6280924798632028,1.7249680679788173,-0.08038148498428621,0.4412508,2.2128423761295744,0.06167781186449828,0.62840679048021,1.7287083626593789,8.489750747503567,1581.1378814007335,0
0.005,0.16,60,5.0,block,literal,1,250000,120,30000000,500000,0.3499875524514803,2.5383963688607394,10.849967711989125,-0.3772554094517842,0.354334,10.14846705521887,0.3488501525493075,2.5197771562890146,10.698868172651876,418.71018530980547,707.1046598644361,0
0.005,0.16,120,10.0,block,literal,1,250000,120,30000000,250000,0.8025738406708915,7.613229835308047,54.70561898422495,-0.6167288436153658,0.295644,22.01415782209007,0.8193967340322901,7.963480692955635,77.9661234236109,79382.54914286877,499.996999995,0
0.005,0.18,12,1.0,block,literal,1,250000,120,30000000,2500000,0.06190730361845376,0.7202138041911984,2.0088355178465545,-0.11630326559606624,0.423696,2.614392491806043,0.06167781186449828,0.7205897297028718,2.014647106501256,10.575335860600104,1581.1378814007335,0
0.005,0.18,60,5.0,block,literal,1,250000,120,30000000,500000,0.3501053514638986,3.2391390064151437,16.496151139397366,-0.49874507291460235,0.315306,12.145850674984136,0.3488501525493075,3.2059197303701623,17.124459511222554,1383.514609590013,707.1046598644361,0
0.005,0.18,120,10.0,block,literal,1,250000,120,30000000,250000,0.7940259484721305,11.278793673777317,107.71715708340952,-0.7528780796546536,0.245324,24.590902915291277,0.8193967340322901,11.959719878240344,215.84699424483256,1089511.6782130615,499.996999995,0
0.005,0.2,12,1.0,block,literal,1,250000,120,30000000,2500000,0.06190356248833509,0.8175953263826826,2.319907335873517,-0.15549530456589716,0.4070968,3.0508386113468062,0.06167781186449828,0.8180523936896751,2.3288999191499054,13.308095415854204,1581.1378814007335,5
0.005,0.2,60,5.0,block,literal,1,250000,120,30000000,500000,0.35036171526294124,4.160752142790571,24.896385982891875,-0.6093373482173156,0.279856,14.123842897020264,0.3488501525493075,4.109317761224949,28.76079575540534,5195.762991835876,707.1046598644361,5
0.005,0.2,120,10.0,block,literal,1,250000,120,30000000,250000,0.7833548813459058,17.307154022786506,185.51596447954512,-0.8507830414789458,0.201336,26.040464541397963,0.8193967340322901,18.617198665892857,661.5422283015228,18543522.0209326,499.996999995,5
0.005,0.0,12,1.0,block,literal,2,250000,120,30000000,2500000,0.06167781186449836,0.0,,0.061677811864498056,1.0,0.061677811864498056,0.06167781186449828,0.0,,,1581.1378814007335,0
0.005,0.0,60,5.0,block,literal,2,250000,120,30000000,500000,0.34885015254930724,0.0,,0.3488501525493075,1.0,0.3488501525493075,0.3488501525493075,0.0,,,707.1046598644361,0
0.005,0.0,120,10.0,block,literal,2,250000,120,30000000,250000,0.819396734032291,0.0,,0.819396734032291,1.0,0.819396734032291,0.8193967340322901,0.0,,,499.996999995,0
0.005,0.02,12,1.0,block,literal,2,250000,120,30000000,2500000,0.0617471993321392,0.07328009012506619,0.19445841540849415,0.05935709065978789,0.7985236,0.24280127508729135,0.06167781186449828,0.0732690211427617,0.18995984627016438,3.0627436313345044,1581.1378814007335,0
0.005,0.02,60,5.0,block,literal,2,250000,120,30000000,500000,0.34928718426437877,0.20921805130339494,0.4617134796762543,0.3334144801533323,0.968972,0.9063344895380347,0.3488501525493075,0.2091436929889568,0.46076361524161413,3.378093672659991,707.1046598644361,0
0.005,0.02,120,10.0,block,literal,2,250000,120,30000000,250000,0.8205372647869589,0.40142624880574684,0.6667337926866088,0.777747239355448,0.995684,1.9500880691418356,0.8193967340322901,0.4013453056361921,0.6664525429486715,3.798053832293556,499.996999995,0
0.005,0.04,12,1.0,block,literal,2,250000,120,30000000,2500000,0.061817958897940034,0.1470689048791289,0.38715687851413527,0.0524614704973112,0.6441048,0.4460825674237747,0.06167781186449828,0.1470181547397765,0.38222452326694545,3.254651907413643,1581.1378814007335,0
0.005,0.04,60,5.0,block,literal,2,250000,120,30000000,500000,0.34973101330165707,0.42603204225203173,0.9518466706478076,0.2875227870498044,0.7934,1.6293776464153398,0.3488501525493075,0.4257497782053727,0.9593491581712795,4.670586794636598,707.1046598644361,0
0.005,0.04,120,10.0,block,literal,2,250000,120,30000000,250000,0.8216173781667669,0.8327026876226334,1.438095094463597,0.6564796070374984,0.875988,3.5624110665936195,0.8193967340322901,0.8321264266755241,1.451147418503927,6.949510081171666,499.996999995,0
0.005,0.06,12,1.0,block,literal,2,250000,120,30000000,2500000,0.06189101348454545,0.2218567378097155,0.5846115134168959,0.0409881019516003,0.576538,0.6734190048250264,0.06167781186449828,0.22173497602297232,0.5791588557130126,3.5870785422024976,1581.1378814007335,0
0.005,0.06,60,5.0,block,literal,2,250000,120,30000000,500000,0.35018487191294434,0.6583457425655567,1.5156695499082409,0.21422229131990167,0.661772,2.541649529044023,0.3488501525493075,0.6580033813678698,1.5425872010012973,7.474336026175258,707.1046598644361,0
0.005,0.06,120,10.0,block,literal,2,250000,120,30000000,250000,0.8226434325955526,1.3281147143942875,2.466276964788965,0.4718687677032618,0.721648,5.73141857891873,0.8193967340322901,1.327759182210732,2.53614096045665,16.17648186610768,499.996999995,0
0.005,0.08,12,1.0,block,literal,2,250000,120,30000000,2500000,0.0619673561147062,0.2981496785020295,0.7893490598096701,0.025024986003051364,0.5353656,0.9255683240083579,0.06167781186449828,0.29792211969796384,0.7832486534821871,4.080050790789875,1581.1378814007335,0
0.005,0.08,60,5.0,block,literal,2,250000,120,30000000,500000,0.3506340720759749,0.9153117234364113,2.207197938650337,0.118083453001534,0.570672,3.6567485934512,0.3488501525493075,0.9156369785683962,2.2787191919118683,13.33646707117327,707.1046598644361,0
0.005,0.08,120,10.0,block,literal,2,250000,120,30000000,250000,0.8235595245246171,1.9331472345149587,3.994223930801856,0.24483316234847996,0.599548,8.5047266536128,0.8193967340322901,1.9374291135736728,4.288569006179493,47.24163316264243,499.996999995,0
0.005,0.1,12,1.0,block,literal,2,250000,120,30000000,2500000,0.06204805039434757,0.3764776484983916,1.0041072114743137,0.004747975706902552,0.5053568,1.205580451010883,0.06167781186449828,0.3761051461191403,0.9971635926240577,4.764042679717036,1581.1378814007335,0
0.005,0.1,60,5.0,block,literal,2,250000,120,30000000,500000,0.35104102503320156,1.2080939486588198,3.1051933730512973,0.004294575091310593,0.502248,4.991956545580254,0.3488501525493075,1.2109758833109596,3.2782441577061436,26.328307923150405,707.1046598644361,0
0.005,0.1,120,10.0,block,literal,2,250000,120,30000000,250000,0.8242147240088131,2.7120789218626453,6.430677468635166,0.0027549222621733316,0.500936,11.790096751343684,0.8193967340322901,2.7361774469622206,7.56825143331676,182.61714423653362,499.996999995,0
0.005,0.12,12,1.0,block,literal,2,250000,120,30000000,2500000,0.06213423082899128,0.45740294122388175,1.2319124403193369,-0.019769275674924758,0.4810652,1.5139472871750448,0.06167781186449828,0.45684081579942387,1.2238226601135647,5.682701135599603,1581.1378814007335,0
0.005,0.12,60,5.0,block,literal,2,250000,120,30000000,500000,0.35134010195710436,1.5508127133117104,4.330129111661899,-0.1206626735251623,0.445154,6.538559874344007,0.3488501525493075,1.5603611374596762,4.732510054704974,58.09926991033329,707.1046598644361,0
0.005,0.12,120,10.0,block,literal,2,250000,120,30000000,250000,0.8243304579230727,3.757837739559668,10.418714187710506,-0.2332672219935728,0.420748,15.403907433769938,0.8193967340322901,3.845434077143546,14.604545624988384,986.7759501966696,499.996999995,0
0.005,0.14,12,1.0,block,literal,2,250000,120,30000000,2500000,0.062227103382654664,0.5415294271579942,1.476167853256623,-0.04838071132667093,0.4602004,1.8525847129435433,0.06167781186449828,0.5407259160807883,1.4664624842288585,6.896792836192588,1581.1378814007335,0
0.005,0.14,60,5.0,block,literal,2,250000,120,30000000,500000,0.3514327636409359,1.961772798180756,6.069626136860903,-0.2504328719343957,0.395864,8.28021004979148,0.3488501525493075,1.9861719208264061,6.988618849385157,145.5669853390105,707.1046598644361,0
0.005,0.14,120,10.0,block,literal,2,250000,120,30000000,250000,0.8234729691208214,5.204213887572316,16.818714744969387,-0.44478137857761463,0.353552,19.054352249687483,0.8193967340322901,5.46961324946071,31.6880462744418,7551.685552659168,499.996999995,0
0.005,0.16,12,1.0,block,literal,2,250000,120,30000000,2500000,0.06232794668760365,0.629512601655639,1.7407532187137562,-0.08065376769997634,0.4412568,2.224153459835177,0.06167781186449828,0.62840679048021,1.7287083626593789,8.489750747503567,1581.1378814007335,0
0.005,0.16,60,5.0,block,literal,2,250000,120,30000000,500000,0.35118353400356805,2.4651012707285007,8.612953884478557,-0.37879778039317263,0.3533,10.191039395517969,0.3488501525493075,2.5197771562890146,10.698868172651876,418.71018530980547,707.1046598644361,0
0.005,0.16,120,10.0,block,literal,2,250000,120,30000000,250000,0.8210358932309344,7.23899072791745,26.486376221202462,-0.6200428831335367,0.294968,22.464036625116332,0.8193967340322901,7.963480692955635,77.9661234236109,79382.54914286877,499.996999995,0
0.005,0.18,12,1.0,block,literal,2,250000,120,30000000,2500000,0.06243811431581861,0.7220706715636817,2.030139145247412,-0.1165454384556765,0.4235492,2.628314556792385,0.06167781186449828,0.7205897297028718,2.014647106501256,10.575335860600104,1581.1378814007335,1
0.005,0.18,60,5.0,block,literal,2,250000,120,30000000,500000,0.35041752849446656,3.0929347799889864,12.388630205288683,-0.5001932403050686,0.314396,12.178351591350527,0.3488501525493075,3.2059197303701623,17.124459511222554,1383.514609590013,707.1046598644361,1
0.005,0.18,120,10.0,block,literal,2,250000,120,30000000,250000,0.8162340464702754,10.113752313825154,39.84723308537692,-0.7549487639942116,0.244632,25.242883548850696,0.8193967340322901,11.959719878240344,215.84699424483256,1089511.6782130615,499.996999995,1
0.005,0.2,12,1.0,block,literal,2,250000,120,30000000,2500000,0.0625590385290216,0.8199968979952087,2.349516908673874,-0.15575895269086615,0.4068456,3.06657534445737,0.06167781186449828,0.8180523936896751,2.3288999191499054,13.308095415854204,1581.1378814007335,7
0.005,0.2,60,5.0,block,literal,2,250000,120,30000000,500000,0.3489203183181037,3.888271448687851,17.987442644537943,-0.6105626744767714,0.279538,14.163420458340251,0.3488501525493075,4.109317761224949,28.76079575540534,5195.762991835876,707.1046598644361,7
0.005,0.2,120,10.0,block,literal,2,250000,120,30000000,250000,0.8081005875660727,14.142703535188444,56.53213549348221,-0.8519664966713371,0.201116,26.84945778407803,0.8193967340322901,18.617198665892857,661.5422283015228,18543522.0209326,499.996999995,7
0.005,0.0,12,1.0,block,literal,3,250000,120,30000000,2500000,0.06167781186449836,0.0,,0.061677811864498056,1.0,0.061677811864498056,0.06167781186449828,0.0,,,1581.1378814007335,0
0.005,0.0,60,5.0,block,literal,3,250000,120,30000000,500000,0.34885015254930724,0.0,,0.3488501525493075,1.0,0.3488501525493075,0.3488501525493075,0.0,,,707.1046598644361,0
0.005,0.0,120,10.0,block,literal,3,250000,120,30000000,250000,0.819396734032291,0.0,,0.819396734032291,1.0,0.819396734032291,0.8193967340322901,0.0,,,499.996999995,0
0.005,0.02,12,1.0,block,literal,3,250000,120,30000000,2500000,0.06170514360837315,0.0733170691982738,0.19309248447622904,0.05940896554570496,0.7979,0.24266950006639218,0.06167781186449828,0.0732690211427617,0.18995984627016438,3.0627436313345044,1581.1378814007335,0
0.005,0.02,60,5.0,block,literal,3,250000,120,30000000,500000,0.3490174177598563,0.20924178104627944,0.4608153685531269,0.33356011909178307,0.968644,0.9076604572215784,0.3488501525493075,0.2091436929889568,0.46076361524161413,3.378093672659991,707.1046598644361,0
0.005,0.02,120,10.0,block,literal,3,250000,120,30000000,250000,0.8198288328141441,0.4014688997715989,0.665085170779645,0.7775447420984077,0.995732,1.9519984064368232,0.8193967340322901,0.4013453056361921,0.6664525429486715,3.798053832293556,499.996999995,0
0.005,0.04,12,1.0,block,literal,3,250000,120,30000000,2500000,0.06173884065408928,0.14713364145201785,0.3859540154870466,0.05252276792113553,0.6439424,0.44575997136669177,0.06167781186449828,0.1470181547397765,0.38222452326694545,3.254651907413643,1581.1378814007335,0
0.005,0.04,60,5.0,block,literal,3,250000,120,30000000,500000,0.3492067268560262,0.4260123599591531,0.9610558754174822,0.2878040743617012,0.792526,1.6310940365933868,0.3488501525493075,0.4257497782053727,0.9593491581712795,4.670586794636598,707.1046598644361,0
0.005,0.04,120,10.0,block,literal,3,250000,120,30000000,250000,0.8202702684248797,0.8323979884055257,1.443461017102121,0.6563910810324447,0.876088,3.564588125729056,0.8193967340322901,0.8321264266755241,1.451147418503927,6.949510081171666,499.996999995,0
0.005,0.06,12,1.0,block,literal,3,250000,120,30000000,2500000,0.061779644990058266,0.2219421629538472,0.5836803854407354,0.04109430986261575,0.5764336,0.6725319409010473,0.06167781186449828,0.22173497602297232,0.5791588557130126,3.5870785422024976,1581.1378814007335,0
0.005,0.06,60,5.0,block,literal,3,250000,120,30000000,500000,0.3494157304572693,0.6585840849776321,1.5496512137697216,0.21448373311559543,0.661578,2.5437001423917818,0.3488501525493075,0.6580033813678698,1.5425872010012973,7.474336026175258,707.1046598644361,0
0.005,0.06,120,10.0,block,literal,3,250000,120,30000000,250000,0.8206818768468216,1.327593120279671,2.5035229410211355,0.4716752472453224,0.720732,5.7299737319794275,0.8193967340322901,1.327759182210732,2.53614096045665,16.17648186610768,499.996999995,0
0.005,0.08,12,1.0,block,literal,3,250000,120,30000000,2500000,0.061828383344923146,0.29825136152336057,0.7888395509357694,0.025138007833316878,0.5355756,0.9251806371800374,0.06167781186449828,0.29792211969796384,0.7832486534821871,4.080050790789875,1581.1378814007335,0
0.005,0.08,60,5.0,block,literal,3,250000,120,30000000,500000,0.3496466136878516,0.9169046443656231,2.3092471572618534,0.11803370894417242,0.570672,3.6682552279702314,0.3488501525493075,0.9156369785683962,2.2787191919118683,13.33646707117327,707.1046598644361,0
0.005,0.08,120,10.0,block,literal,3,250000,120,30000000,250000,0.8209885209550696,1.9341796521994348,4.17598504490082,0.24565272165911978,0.597864,8.481863013831527,0.8193967340322901,1.9374291135736728,4.288569006179493,47.24163316264243,499.996999995,0
0.005,0.1,12,1.0,block,literal,3,250000,120,30000000,2500000,0.06188597276499922,0.3765944271811813,1.0042174616753594,0.004882148935054786,0.505548,1.2043946043400298,0.06167781186449828,0.3761051461191403,0.9971635926240577,4.764042679717036,1581.1378814007335,0
0.005,0.1,60,5.0,block,literal,3,250000,120,30000000,500000,0.34990947971754555,1.213923952616774,3.415311518193442,0.00411058277417331,0.501994,5.015088164244807,0.3488501525493075,1.2109758833109596,3.2782441577061436,26.328307923150405,707.1046598644361,0
0.005,0.1,120,10.0,block,literal,3,250000,120,30000000,250000,0.8210456053837404,2.7216464583120357,7.196665681966493,0.002635125355642476,0.500912,11.755112856999599,0.8193967340322901,2.7361774469622206,7.56825143331676,182.61714423653362,499.996999995,0
0.005,0.12,12,1.0,block,literal,3,250000,120,30000000,2500000,0.06195342640595992,0.45753768107014187,1.2328996306386903,-0.019560889187163644,0.481246,1.5133286044828436,0.06167781186449828,0.45684081579942387,1.2238226601135647,5.682701135599603,1581.1378814007335,0
0.005,0.12,60,5.0,block,literal,3,250000,120,30000000,500000,0.3502272183294852,1.5678910009716926,5.317981573470098,-0.12144967711794286,0.445394,6.575693378064703,0.3488501525493075,1.5603611374596762,4.732510054704974,58.09926991033329,707.1046598644361,0
0.005,0.12,120,10.0,block,literal,3,250000,120,30000000,250000,0.820596032922391,3.7975612983555695,13.184356509940091,-0.23355664425532852,0.420824,15.357877772481306,0.8193967340322901,3.845434077143546,14.604545624988384,986.7759501966696,499.996999995,0
0.005,0.14,12,1.0,block,literal,3,250000,120,30000000,2500000,0.06203185946110749,0.5416899007788049,1.4783610355237444,-0.04812754991296497,0.460146,1.8518882290510312,0.06167781186449828,0.5407259160807883,1.4664624842288585,6.896792836192588,1581.1378814007335,0
0.005,0.14,60,5.0,block,literal,3,250000,120,30000000,500000,0.3506429853354258,2.006851274140065,9.264841393988357,-0.2514615557180118,0.397336,8.340341732054739,0.3488501525493075,1.9861719208264061,6.988618849385157,145.5669853390105,707.1046598644361,0
0.005,0.14,120,10.0,block,literal,3,250000,120,30000000,250000,0.8192141716807251,5.3313462767030515,25.14019833096378,-0.44448337976830987,0.353204,19.000807358948567,0.8193967340322901,5.46961324946071,31.6880462744418,7551.685552659168,499.996999995,0
0.005,0.16,12,1.0,block,literal,3,250000,120,30000000,2500000,0.06212249514216238,0.6297124805404214,1.7445657243780774,-0.08050126460691576,0.4409748,2.222009143932604,0.06167781186449828,0.62840679048021,1.7287083626593789,8.489750747503567,1581.1378814007335,0
0.005,0.16,60,5.0,block,literal,3,250000,120,30000000,500000,0.3512321997255774,2.5779195978902485,18.557469050738472,-0.37970141576852895,0.354306,10.246888367270873,0.3488501525493075,2.5197771562890146,10.698868172651876,418.71018530980547,707.1046598644361,0
0.005,0.16,120,10.0,block,literal,3,250000,120,30000000,250000,0.8162324764172616,7.584673617987176,46.959242024181215,-0.6193825867844465,0.294328,22.385659327339567,0.8193967340322901,7.963480692955635,77.9661234236109,79382.54914286877,499.996999995,0
0.005,0.18,12,1.0,block,literal,3,250000,120,30000000,2500000,0.062226670622949606,0.7223306173372651,2.0360767381704914,-0.11646721696737228,0.4233188,2.62554447376704,0.06167781186449828,0.7205897297028718,2.014647106501256,10.575335860600104,1581.1378814007335,2
0.005,0.18,60,5.0,block,literal,3,250000,120,30000000,500000,0.3521221136657088,3.3659528696032286,40.581074759651045,-0.5013812124054856,0.315238,12.266453186791923,0.3488501525493075,3.2059197303701623,17.124459511222554,1383.514609590013,707.1046598644361,2
0.005,0.18,120,10.0,block,literal,3,250000,120,30000000,250000,0.8106435763316411,10.937246387220231,80.97519021320207,-0.7548939972241158,0.244096,25.12347902600769,0.8193967340322901,11.959719878240344,215.84699424483256,1089511.6782130615,499.996999995,2
0.005,0.2,12,1.0,block,literal,3,250000,120,30000000,2500000,0.062345842851646106,0.8203457285457605,2.3581757241973276,-0.15568578424286422,0.4067136,3.064538812354337,0.06167781186449828,0.8180523936896751,2.3288999191499054,13.308095415854204,1581.1378814007335,12
0.005,0.2,60,5.0,block,literal,3,250000,120,30000000,500000,0.35352363537319553,4.527832922103062,87.20679790467494,-0.6114262964928938,0.279634,14.284018489179825,0.3488501525493075,4.109317761224949,28.76079575540534,5195.762991835876,707.1046598644361,12
0.005,0.2,120,10.0,block,literal,3,250000,120,30000000,250000,0.8009671468830019,15.8843035832608,125.20844420832358,-0.8521934746410096,0.200144,26.748488465148462,0.8193967340322901,18.617198665892857,661.5422283015228,18543522.0209326,499.996999995,12
0.005,0.0,12,1.0,block,literal,4,250000,120,30000000,2500000,0.06167781186449836,0.0,,0.061677811864498056,1.0,0.061677811864498056,0.06167781186449828,0.0,,,1581.1378814007335,0
0.005,0.0,60,5.0,block,literal,4,250000,120,30000000,500000,0.34885015254930724,0.0,,0.3488501525493075,1.0,0.3488501525493075,0.3488501525493075,0.0,,,707.1046598644361,0
0.005,0.0,120,10.0,block,literal,4,250000,120,30000000,250000,0.819396734032291,0.0,,0.819396734032291,1.0,0.819396734032291,0.8193967340322901,0.0,,,499.996999995,0
0.005,0.02,12,1.0,block,literal,4,250000,120,30000000,2500000,0.06163906559026203,0.07325788996558875,0.19196144959722186,0.05928935352893783,0.7976256,0.2423455416902336,0.06167781186449828,0.0732690211427617,0.18995984627016438,3.0627436313345044,1581.1378814007335,0
0.005,0.02,60,5.0,block,literal,4,250000,120,30000000,500000,0.34860790944963926,0.20907207963049643,0.45770373398618397,0.33284366674714183,0.968334,0.9040883871312704,0.3488501525493075,0.2091436929889568,0.46076361524161413,3.378093672659991,707.1046598644361,0
0.005,0.02,120,10.0,block,literal,4,250000,120,30000000,250000,0.8187406212313901,0.40095208359165024,0.6588363519499401,0.775644837781843,0.995576,1.9388849653992473,0.8193967340322901,0.4013453056361921,0.6664525429486715,3.798053832293556,499.996999995,0
0.005,0.04,12,1.0,block,literal,4,250000,120,30000000,2500000,0.06160070559347178,0.1470007205661549,0.38450794727392307,0.052284530373185034,0.6436876,0.4449633419819038,0.06167781186449828,0.1470181547397765,0.38222452326694545,3.254651907413643,1581.1378814007335,0
0.005,0.04,60,5.0,block,literal,4,250000,120,30000000,500000,0.3483705042108014,0.42544334436267794,0.9551377620806534,0.28651466088931976,0.792042,1.6218052563759118,0.3488501525493075,0.4257497782053727,0.9593491581712795,4.670586794636598,707.1046598644361,0
0.005,0.04,120,10.0,block,literal,4,250000,120,30000000,250000,0.8180197373018346,0.8303901646029784,1.4435054418656545,0.6529132579037896,0.875184,3.5262716754125187,0.8193967340322901,0.8321264266755241,1.451147418503927,6.949510081171666,499.996999995,0
0.005,0.06,12,1.0,block,literal,4,250000,120,30000000,2500000,0.06156325476448531,0.22171716635044317,0.5818280422055011,0.04071519494873532,0.5761628,0.6711590208363712,0.06167781186449828,0.22173497602297232,0.5791588557130126,3.5870785422024976,1581.1378814007335,0
0.005,0.06,60,5.0,block,literal,4,250000,120,30000000,500000,0.34813026401410546,0.6572523169599386,1.538361127325914,0.21289982963079623,0.660914,2.5243286748463363,0.3488501525493075,0.6580033813678698,1.5425872010012973,7.474336026175258,707.1046598644361,0
0.005,0.06,120,10.0,block,literal,4,250000,120,30000000,250000,0.8171336484730353,1.3236307471489008,2.533201084825674,0.46689242583241664,0.720884,5.649500476528818,0.8193967340322901,1.327759182210732,2.53614096045665,16.17648186610768,499.996999995,0
0.005,0.08,12,1.0,block,literal,4,250000,120,30000000,2500000,0.06152726091808721,0.29791122222430305,0.78646137396889,0.02473288581406441,0.534924,0.9224672033838586,0.06167781186449828,0.29792211969796384,0.7832486534821871,4.080050790789875,1581.1378814007335,0
0.005,0.08,60,5.0,block,literal,4,250000,120,30000000,500000,0.34787719007525014,0.9142188835607286,2.277856736759243,0.11597436016058704,0.570226,3.631929402132743,0.3488501525493075,0.9156369785683962,2.2787191919118683,13.33646707117327,707.1046598644361,0
0.005,0.08,120,10.0,block,literal,4,250000,120,30000000,250000,0.8160215555684719,1.9301931531318826,4.29056116983178,0.2395624990283094,0.597656,8.336016430948817,0.8193967340322901,1.9374291135736728,4.288569006179493,47.24163316264243,499.996999995,0
0.005,0.1,12,1.0,block,literal,4,250000,120,30000000,2500000,0.06149328374848253,0.37611026934733827,1.0011382664754214,0.004359067349570811,0.5049528,1.2008053132577596,0.06167781186449828,0.3761051461191403,0.9971635926240577,4.764042679717036,1581.1378814007335,0
0.005,0.1,60,5.0,block,literal,4,250000,120,30000000,500000,0.3476016522477969,1.2087619741262585,3.2855825282031845,0.0020014181126599695,0.501,4.955698904712065,0.3488501525493075,1.2109758833109596,3.2782441577061436,26.328307923150405,707.1046598644361,0
0.005,0.1,120,10.0,block,literal,4,250000,120,30000000,250000,0.8146935646074757,2.72668752812002,7.452677683968599,-0.0032563594540168106,0.49888,11.514436543095853,0.8193967340322901,2.7361774469622206,7.56825143331676,182.61714423653362,499.996999995,0
0.005,0.12,12,1.0,block,literal,4,250000,120,30000000,2500000,0.061461881768731984,0.45687354799211277,1.2288461049278214,-0.020191930989473916,0.480796,1.5070387779799688,0.06167781186449828,0.45684081579942387,1.2238226601135647,5.682701135599603,1581.1378814007335,0
0.005,0.12,60,5.0,block,literal,4,250000,120,30000000,500000,0.3472986149536726,1.557523783705505,4.74139256138651,-0.12317205026647299,0.443834,6.482558647153366,0.3488501525493075,1.5603611374596762,4.732510054704974,58.09926991033329,707.1046598644361,0
0.005,0.12,120,10.0,block,literal,4,250000,120,30000000,250000,0.8132837022733592,3.8374832297428445,13.403778215534263,-0.2382001447608555,0.418788,15.071935316205161,0.8193967340322901,3.845434077143546,14.604545624988384,986.7759501966696,499.996999995,0
0.005,0.14,12,1.0,block,literal,4,250000,120,30000000,2500000,0.06143359898422572,0.5408011855178586,1.4728967362182785,-0.04880460597304781,0.4597976,1.8433093963497473,0.06167781186449828,0.5407259160807883,1.4664624842288585,6.896792836192588,1581.1378814007335,0
0.005,0.14,60,5.0,block,literal,4,250000,120,30000000,500000,0.34697360875083505,1.9834550355002574,6.921895584765099,-0.2528077732550904,0.395696,8.216371648424456,0.3488501525493075,1.9861719208264061,6.988618849385157,145.5669853390105,707.1046598644361,0
0.005,0.14,120,10.0,block,literal,4,250000,120,30000000,250000,0.8121241621130866,5.466998781850449,24.2568910630484,-0.4488128930295089,0.351776,18.612612746308553,0.8193967340322901,5.46961324946071,31.6880462744418,7551.685552659168,499.996999995,0
0.005,0.16,12,1.0,block,literal,4,250000,120,30000000,2500000,0.061408951040401366,0.6285439319606552,1.7369938292168932,-0.08113284392530634,0.4408992,2.2111843598077425,0.06167781186449828,0.62840679048021,1.7287083626593789,8.489750747503567,1581.1378814007335,0
0.005,0.16,60,5.0,block,literal,4,250000,120,30000000,500000,0.34665047302254093,2.5185808544623294,10.213826768374707,-0.38074843836047567,0.352682,10.099771045432211,0.3488501525493075,2.5197771562890146,10.698868172651876,418.71018530980547,707.1046598644361,0
0.005,0.16,120,10.0,block,literal,4,250000,120,30000000,250000,0.8118398297384252,7.946651266236155,42.17943634337164,-0.6236709250477872,0.294172,21.96745434652816,0.8193967340322901,7.963480692955635,77.9661234236109,79382.54914286877,499.996999995,0
0.005,0.18,12,1.0,block,literal,4,250000,120,30000000,2500000,0.0613884105777383,0.7208137617399859,2.025298106005567,-0.11711437503214933,0.4232892,2.6126254481620435,0.06167781186449828,0.7205897297028718,2.014647106501256,10.575335860600104,1581.1378814007335,0
0.005,0.18,60,5.0,block,literal,4,250000,120,30000000,500000,0.3463806146381791,3.207472657924578,15.081308697063797,-0.5022699038969889,0.313816,12.066934150193037,0.3488501525493075,3.2059197303701623,17.124459511222554,1383.514609590013,707.1046598644361,0
0.005,0.18,120,10.0,block,literal,4,250000,120,30000000,250000,0.8134612127537957,11.79630780582054,67.85227927855124,-0.7579239087406653,0.244424,24.519246311540073,0.8193967340322901,11.959719878240344,215.84699424483256,1089511.6782130615,499.996999995,0
0.005,0.2,12,1.0,block,literal,4,250000,120,30000000,2500000,0.061372391522399025,0.8183955076854043,2.342487144861451,-0.15638347230958732,0.40669,3.0474587065734187,0.06167781186449828,0.8180523936896751,2.3288999191499054,13.308095415854204,1581.1378814007335,11
0.005,0.2,60,5.0,block,literal,4,250000,120,30000000,500000,0.3462531530916174,4.111317280248854,21.965147415768087,-0.6125347815211903,0.278672,14.059486161204342,0.3488501525493075,4.109317761224949,28.76079575540534,5195.762991835876,707.1046598644361,11
0.005,0.2,120,10.0,block,literal,4,250000,120,30000000,250000,0.8185499479635036,17.79439573710371,99.35564778853407,-0.854037999670211,0.201472,26.05909844033825,0.8193967340322901,18.617198665892857,661.5422283015228,18543522.0209326,499.996999995,11
