strategy,months,terminal wealth,annualized return,annualized volatility,Sharpe ratio,max drawdown,drawdown peak,drawdown trough,switches,annual turnover
"Momentum, FF49 EW",1083,33320.1419124772,0.12231067867602441,0.35925301872970133,0.40327551732267286,-0.9970118919465796,1929-07,1942-03,686.0,7.611111111111111
"Momentum, FF49 VW",1083,112.86389146305719,0.05376311275690937,0.32881707065166316,0.22654322736673496,-0.9922133613609753,1929-08,1941-04,731.0,8.11111111111111
"Momentum, FF12 EW",1083,39337330.42894836,0.2138162929810894,0.2639445948751434,0.7425388212468447,-0.8372290737615016,1929-09,1932-05,517.0,5.7444444444444445
"Momentum, FF12 VW",1083,136822.29118170607,0.14001436896574893,0.20620132919518963,0.5785421136403376,-0.7113128137578957,1929-09,1932-05,610.0,6.766666666666667
"Equal weight across industries, FF49 EW",1083,69257.89944049969,0.13144646275038996,0.24943634633859657,0.4817179627932423,-0.8498991113394204,1929-08,1932-05,,0.1876315057792426
"Equal weight across industries, FF49 VW",1083,10992.515418450179,0.1086046578969817,0.2065050864350533,0.4410097382850765,-0.8534577391670508,1929-08,1932-06,,0.2006998990942268
"Equal weight across industries, FF12 EW",1083,65110.414303227095,0.13067254612962076,0.2399597714724957,0.490199996284259,-0.8466662584838047,1929-08,1932-05,,0.12502762008959997
"Equal weight across industries, FF12 VW",1083,9236.778749981248,0.10646908914707653,0.18542954649224552,0.4592106263255712,-0.8343241919877471,1929-08,1932-05,,0.13245542676792002
VW market,1083,4715.091791016449,0.09825576583547146,0.18577806378822076,0.41875905169256006,-0.8365224657023862,1929-08,1932-06,,
T-bills,1083,20.13841505312469,0.033829769448166624,0.00883688226812751,,-0.0008998599580110067,1938-10,1941-04,,
