month,a_return,b_return,b_holdings
1927-01,-0.0056925,0.00588,"Beer, Toys, Books, Chems, Autos"
1927-02,0.0458875,0.059500000000000004,"Beer, Toys, Books, MedEq, Txtls"
1927-03,-0.01026,-0.00844,"MedEq, Chems, Txtls, Mach, BusSv"
1927-04,0.0120125,0.0233,"MedEq, Chems, Mines, Hardw, LabEq"
1927-05,0.05947,0.04174,"Chems, Autos, Mines, Hardw, LabEq"
1927-06,-0.011355,-0.00936,"Chems, Autos, BusSv, Hardw, Insur"
1927-07,0.06511707317073172,0.04456,"Beer, Aero, BusSv, Hardw, Insur"
1927-08,0.02697073170731707,0.034780000000000005,"Chems, ElcEq, Autos, LabEq, Insur"
1927-09,0.04768780487804878,0.0731,"Smoke, Chems, ElcEq, Aero, Insur"
1927-10,-0.026924390243902443,-0.022219999999999997,"ElcEq, Aero, BusSv, Boxes, Insur"
1927-11,0.07194146341463414,0.10872,"MedEq, Aero, BusSv, Boxes, Insur"
1927-12,0.037017073170731704,0.10796000000000001,"Aero, BusSv, Chips, Boxes, Insur"
1928-01,0.006539024390243904,-0.006359999999999999,"Autos, Aero, Boxes, Banks, Insur"
1928-02,-0.021495121951219515,-0.028460000000000006,"Aero, BusSv, Hardw, Banks, Insur"
1928-03,0.09246097560975611,0.1215,"Beer, Aero, Hardw, Chips, Insur"
1928-04,0.052785365853658534,0.16711999999999996,"Beer, Autos, Aero, Banks, Insur"
1928-05,0.03693658536585366,0.06659999999999999,"Beer, Autos, Aero, Banks, RlEst"
1928-06,-0.05756097560975611,-0.05841999999999999,"Cnstr, Autos, Aero, Banks, RlEst"
1928-07,0.010575609756097563,0.00752,"Cnstr, Autos, Aero, Banks, RlEst"
1928-08,0.06382926829268293,0.07006000000000001,"Toys, Autos, Aero, Banks, RlEst"
1928-09,0.025578048780487802,0.07766,"Toys, Drugs, Autos, Aero, Banks"
1928-10,0.01370731707317073,-0.0342,"Toys, Fun, MedEq, Drugs, Aero"
1928-11,0.09986341463414636,0.1834,"Drugs, Steel, Aero, Whlsl, Rtail"
1928-12,-0.0036243902439024376,0.01356,"Hshld, Steel, ElcEq, Aero, Rtail"
1929-01,0.048604878048780484,0.06406,"Hshld, Steel, ElcEq, Aero, Hardw"
1929-02,0.0037341463414634142,0.0037800000000000012,"Hshld, Chems, Steel, ElcEq, Aero"
1929-03,-0.0292,0.003840000000000003,"Chems, Steel, ElcEq, Aero, Hardw"
1929-04,0.02326341463414634,0.014400000000000001,"Chems, Steel, ElcEq, Mines, Hardw"
1929-05,-0.06709268292682927,-0.06948,"Steel, ElcEq, Aero, Hardw, Banks"
1929-06,0.08829024390243903,0.13208,"Cnstr, ElcEq, Util, Hardw, Banks"
1929-07,0.036800000000000006,0.07550000000000001,"Chems, ElcEq, Util, Hardw, Boxes"
1929-08,0.0490047619047619,0.08462000000000001,"ElcEq, Util, Hardw, Boxes, Fin"
1929-09,-0.030730952380952376,0.0006200000000000025,"ElcEq, Util, Telcm, Hardw, Boxes"
1929-10,-0.19109285714285712,-0.2386,"ElcEq, Util, Telcm, BusSv, Hardw"
1929-11,-0.12983571428571428,-0.13596000000000003,"Coal, Telcm, BusSv, Hardw, LabEq"
1929-12,0.0007047619047619042,-0.03966,"Ships, Coal, Telcm, BusSv, LabEq"
1930-01,0.07570952380952381,0.03928000000000001,"Smoke, Cnstr, Coal, Telcm, LabEq"
1930-02,0.035199999999999995,0.047479999999999994,"Smoke, Books, Cnstr, LabEq, Paper"
1930-03,0.05644523809523808,0.06648000000000001,"Smoke, Fun, Books, Cnstr, LabEq"
1930-04,-0.02855,0.03712,"Smoke, Fun, Books, Cnstr, LabEq"
1930-05,-0.036026190476190476,-0.03358,"Fun, Cnstr, ElcEq, Aero, Util"
1930-06,-0.18113095238095236,-0.21694000000000002,"Fun, ElcEq, Aero, Util, LabEq"
1930-07,0.05272093023255814,0.034460000000000005,"Smoke, Fun, Cnstr, Util, LabEq"
1930-08,0.003467441860465115,0.033100000000000004,"Toys, Fun, Cnstr, BusSv, LabEq"
1930-09,-0.12693720930232558,-0.11326,"Smoke, Drugs, Cnstr, Oil, LabEq"
1930-10,-0.09595116279069767,-0.08676000000000002,"Food, Smoke, Books, Drugs, Cnstr"
1930-11,-0.019744186046511625,-0.039220000000000005,"Smoke, Toys, MedEq, Drugs, Telcm"
1930-12,-0.0917372093023256,-0.05076,"Smoke, Clths, MedEq, Drugs, Telcm"
1931-01,0.09257441860465117,0.054580000000000004,"Food, Smoke, Toys, MedEq, Drugs"
1931-02,0.13484883720930235,0.13222,"Beer, Smoke, MedEq, Drugs, PerSv"
1931-03,-0.03665348837209303,0.05404,"Beer, Txtls, Autos, PerSv, Banks"
1931-04,-0.11876976744186046,-0.15102,"Rubbr, Txtls, Autos, PerSv, Other"
1931-05,-0.13881162790697674,-0.11832000000000001,"Smoke, Rubbr, Autos, PerSv, Other"
1931-06,0.14242093023255814,0.14806,"Smoke, Drugs, Txtls, PerSv, Other"
1931-07,-0.07517441860465117,-0.06926,"Rubbr, Aero, PerSv, Paper, Other"
1931-08,0.0059069767441860465,0.00256,"Smoke, Drugs, PerSv, Rtail, Other"
1931-09,-0.30197209302325584,-0.23888,"Clths, Drugs, PerSv, Rtail, Other"
1931-10,0.08304186046511627,0.05204000000000001,"Smoke, Clths, Telcm, Rtail, Other"
1931-11,-0.09431162790697675,-0.06788,"Beer, Clths, Oil, Rtail, Other"
1931-12,-0.15451860465116277,-0.15652000000000002,"Beer, Clths, Oil, Banks, Other"
1932-01,0.011041860465116283,0.006880000000000004,"Beer, Clths, MedEq, Drugs, Other"
1932-02,0.04804883720930233,0.05608000000000001,"Beer, Smoke, Clths, MedEq, Banks"
1932-03,-0.11137674418604653,-0.09228,"Beer, Smoke, Clths, Telcm, Banks"
1932-04,-0.1897232558139535,-0.13542,"Food, Beer, Smoke, Drugs, Banks"
1932-05,-0.23803023255813954,-0.20332,"Food, Smoke, Clths, Txtls, Banks"
1932-06,-0.011451162790697673,-0.025980000000000007,"Smoke, Clths, Mines, Oil, Telcm"
1932-07,0.36127906976744184,0.18250000000000002,"Beer, Smoke, Clths, Oil, Banks"
1932-08,0.4902395348837209,0.36354000000000003,"Agric, Beer, BldMt, Oil, Fin"
1932-09,-0.03932558139534884,-0.09352,"Txtls, Steel, Coal, Oil, Fin"
1932-10,-0.15034418604651165,-0.19472,"Steel, Aero, Ships, Coal, Fin"
1932-11,-0.05040232558139535,-0.12198,"BldMt, Steel, Aero, Coal, Fin"
1932-12,-0.004165116279069769,0.08712000000000002,"Agric, Aero, Coal, Insur, Fin"
1933-01,0.022413953488372097,0.04506,"Agric, Aero, Paper, Trans, Fin"
1933-02,-0.1641627906976744,-0.20892,"Aero, Paper, Boxes, Trans, Banks"
1933-03,0.08633023255813953,0.08284,"Agric, Clths, Telcm, LabEq, Boxes"
1933-04,0.4095767441860465,0.38744,"Agric, Clths, LabEq, Boxes, Banks"
1933-05,0.3660348837209303,0.21064,"Agric, Clths, Autos, Ships, Boxes"
1933-06,0.1534046511627907,0.17786000000000002,"Agric, Beer, Rubbr, Ships, Paper"
1933-07,-0.11928139534883722,-0.15350000000000003,"Beer, Toys, Ships, Paper, Whlsl"
1933-08,0.13395813953488372,0.11098000000000002,"Beer, Toys, Paper, Whlsl, Other"
1933-09,-0.1206860465116279,-0.13208,"Beer, Rubbr, Autos, Paper, Whlsl"
1933-10,-0.09891162790697675,-0.09514,"Beer, Fun, Rubbr, Autos, Whlsl"
1933-11,0.07866046511627907,0.02812,"Beer, Fun, Mines, Whlsl, Other"
1933-12,0.013102325581395348,0.011880000000000002,"Agric, Beer, Autos, Oil, Other"
1934-01,0.20545116279069767,0.15752000000000002,"Chems, Autos, Oil, Chips, Other"
1934-02,-0.017241860465116277,-0.05046,"Rubbr, Aero, Chips, Banks, RlEst"
1934-03,0.010209302325581395,0.001040000000000001,"Rubbr, Autos, Chips, Rtail, Banks"
1934-04,0.0005465116279069775,-0.02782,"Autos, Chips, Rtail, Banks, RlEst"
1934-05,-0.08085813953488372,-0.12668000000000001,"Toys, Books, Chips, Paper, Banks"
1934-06,0.010372093023255813,-0.0014600000000000064,"Books, PerSv, Chips, Paper, Banks"
1934-07,-0.13418372093023256,-0.15348,"Books, PerSv, Whlsl, Banks, Insur"
1934-08,0.06378139534883721,0.047200000000000006,"Agric, Smoke, Drugs, LabEq, Banks"
1934-09,-0.006953488372093025,0.01288,"Agric, Smoke, Drugs, LabEq, Banks"
1934-10,0.007462790697674421,0.019260000000000003,"Agric, Smoke, Drugs, LabEq, Banks"
1934-11,0.13557441860465116,0.10328000000000001,"Smoke, LabEq, Boxes, Banks, Other"
1934-12,0.005069767441860467,-0.0016400000000000004,"Smoke, Hardw, Chips, Banks, Other"
1935-01,-0.04454418604651162,-0.07628,"Rubbr, Mach, Chips, Paper, Banks"
1935-02,-0.029118604651162786,-0.07404,"Fun, Rubbr, Mach, Paper, Banks"
1935-03,-0.036255813953488376,-0.03724000000000001,"Hshld, Mach, LabEq, Boxes, Banks"
1935-04,0.07433953488372093,0.08964000000000001,"Mach, Chips, LabEq, Paper, Banks"
1935-05,0.04914651162790698,0.16115999999999997,"Mach, Aero, Chips, LabEq, Paper"
1935-06,0.048672093023255814,0.07003999999999999,"Agric, Telcm, Chips, LabEq, Boxes"
1935-07,0.09131627906976744,0.06638,"Util, Telcm, Chips, LabEq, Boxes"
1935-08,0.027106976744186044,-0.03761999999999999,"Cnstr, Mach, Util, BusSv, Chips"
1935-09,0.03455116279069767,0.11170000000000002,"Fun, Cnstr, Util, Chips, Paper"
1935-10,0.08197906976744186,0.08468,"Fun, Cnstr, Autos, PerSv, Paper"
1935-11,0.07006511627906976,0.02153999999999999,"Cnstr, Autos, BusSv, Paper, RlEst"
1935-12,0.04434651162790698,0.08196,"Cnstr, Autos, PerSv, BusSv, Fin"
1936-01,0.07369302325581395,0.09164000000000001,"Toys, Cnstr, Aero, BusSv, RlEst"
1936-02,0.024041860465116277,0.01886,"Toys, Cnstr, Chips, RlEst, Fin"
1936-03,0.0004883720930232566,-0.004059999999999998,"Toys, Cnstr, BusSv, Chips, RlEst"
1936-04,-0.09021627906976744,-0.13718,"Cnstr, Aero, BusSv, Meals, RlEst"
1936-05,0.06107441860465116,0.05558,"Toys, Cnstr, Aero, Chips, Meals"
1936-06,0.006634883720930232,-0.03262,"Cnstr, Aero, Chips, Paper, Banks"
1936-07,0.06871627906976743,0.1238,"Mach, PerSv, Chips, Meals, Banks"
1936-08,0.016995348837209302,0.002700000000000001,"Rubbr, Autos, Aero, PerSv, Banks"
1936-09,0.025748837209302322,0.0707,"ElcEq, PerSv, Chips, Rtail, Banks"
1936-10,0.05936976744186047,0.06178,"Toys, Ships, PerSv, Chips, Banks"
1936-11,0.06988372093023255,0.06598000000000001,"Toys, Steel, Ships, PerSv, Banks"
1936-12,0.013046511627906978,0.031139999999999998,"Toys, Fun, PerSv, Whlsl, RlEst"
1937-01,0.03423488372093023,0.054740000000000004,"Toys, Fun, PerSv, Paper, RlEst"
1937-02,0.010541860465116277,0.0010999999999999985,"Toys, Fun, Cnstr, PerSv, RlEst"
1937-03,-0.018232558139534887,-0.0616,"Toys, Cnstr, PerSv, Paper, RlEst"
1937-04,-0.07846046511627906,-0.11724,"Steel, Mines, PerSv, Paper, RlEst"
1937-05,-0.007104651162790699,-0.02284,"Fun, Hshld, Paper, RlEst, Other"
1937-06,-0.052695348837209305,-0.01642,"Hshld, Steel, Oil, Paper, Other"
1937-07,0.08683255813953489,0.07154,"Hshld, MedEq, Steel, LabEq, Paper"
1937-08,-0.04186511627906976,-0.02798,"Steel, Oil, Chips, LabEq, Paper"
1937-09,-0.1551418604651163,-0.13726,"Fun, Rubbr, Chips, LabEq, Boxes"
1937-10,-0.09393488372093023,-0.04468,"Smoke, Drugs, Rubbr, Telcm, LabEq"
1937-11,-0.08146279069767443,-0.0817,"Smoke, Drugs, Rubbr, Telcm, LabEq"
1937-12,-0.05711395348837209,-0.015880000000000005,"Smoke, Mines, Util, Telcm, LabEq"
1938-01,0.011695348837209301,-0.019159999999999996,"Smoke, Cnstr, Mines, Telcm, LabEq"
1938-02,0.057486046511627906,0.00842,"Smoke, Drugs, Mines, Telcm, LabEq"
1938-03,-0.24423255813953487,-0.18574000000000002,"Agric, Smoke, Drugs, Mines, LabEq"
1938-04,0.1647674418604651,0.15646000000000002,"Smoke, Drugs, Aero, Mines, BusSv"
1938-05,-0.03568372093023256,-0.02078,"Agric, Food, Drugs, Cnstr, Aero"
1938-06,0.2548348837209302,0.10642000000000001,"Agric, Smoke, Drugs, Aero, BusSv"
1938-07,0.08634418604651162,0.07718,"BusSv, Paper, Boxes, Rtail, Insur"
1938-08,-0.035960465116279074,-0.013900000000000003,"BldMt, BusSv, Chips, Paper, Banks"
1938-09,0.0010209302325581392,-0.013300000000000003,"Autos, PerSv, BusSv, Chips, Paper"
1938-10,0.11026046511627907,0.14092000000000002,"Toys, BldMt, Autos, PerSv, Paper"
1938-11,-0.02339767441860465,-0.05392000000000001,"Toys, Cnstr, Autos, PerSv, Paper"
1938-12,0.03806279069767441,0.06296,"Toys, Cnstr, Autos, PerSv, Paper"
1939-01,-0.06956046511627907,-0.1293,"Toys, Cnstr, Aero, Paper, Other"
1939-02,0.03625581395348837,0.0614,"Toys, Cnstr, Aero, Util, Other"
1939-03,-0.13676511627906976,-0.22746,"Toys, Cnstr, Aero, Ships, Util"
1939-04,-0.001565116279069767,0.04548,"Agric, Toys, Aero, Util, Telcm"
1939-05,0.07925581395348838,0.06392,"Agric, Food, Drugs, Aero, Telcm"
1939-06,-0.06573255813953488,-0.027019999999999995,"Agric, Toys, Drugs, Util, Telcm"
1939-07,0.10792558139534883,0.09748000000000001,"Agric, Toys, Clths, Drugs, Telcm"
1939-08,-0.08700465116279069,-0.0446,"Agric, Toys, Util, Telcm, Rtail"
1939-09,0.17484651162790696,0.09444,"Agric, Toys, Hshld, Rubbr, Telcm"
1939-10,0.0118,-0.002599999999999998,"Toys, Steel, Ships, Coal, Trans"
1939-11,-0.0477906976744186,-0.09598000000000001,"Toys, Steel, Aero, Ships, Coal"
1939-12,0.016690697674418605,0.0081,"Toys, Clths, Steel, Aero, Coal"
1940-01,-0.011172093023255813,-0.04424000000000001,"Toys, Steel, Aero, Ships, Coal"
1940-02,0.013909302325581395,0.04816,"Toys, Aero, Coal, BusSv, Boxes"
1940-03,0.02182093023255814,0.028399999999999998,"Toys, Aero, Coal, Paper, Boxes"
1940-04,-0.001172093023255813,-0.002900000000000001,"Smoke, Toys, Hshld, Aero, Other"
1940-05,-0.24831395348837212,-0.26262,"Smoke, Toys, Hshld, Paper, Boxes"
1940-06,0.06009767441860465,0.012580000000000001,"Smoke, MedEq, Chems, Aero, Telcm"
1940-07,0.03713953488372094,0.03677999999999999,"Smoke, Toys, Hshld, Util, Telcm"
1940-08,0.023074418604651162,0.010799999999999997,"Toys, Hshld, Util, Telcm, Trans"
1940-09,0.05059534883720931,0.031020000000000002,"Toys, Util, Telcm, Chips, Trans"
1940-10,0.030983720930232557,0.035300000000000005,"Rubbr, Coal, Telcm, Chips, Trans"
1940-11,-0.010472093023255814,-0.048940000000000004,"Toys, Steel, Mach, Ships, RlEst"
1940-12,0.002606976744186045,0.007980000000000001,"Toys, Fun, Cnstr, Ships, PerSv"
1941-01,-0.02102325581395349,-0.03132,"Toys, Fun, Rubbr, Steel, PerSv"
1941-02,-0.02080232558139535,-0.042679999999999996,"Fun, Mines, PerSv, Hardw, RlEst"
1941-03,0.0179953488372093,0.06838,"Fun, MedEq, Mines, Hardw, RlEst"
1941-04,-0.06346279069767441,-0.02892,"Fun, MedEq, Mines, Oil, Insur"
1941-05,0.003951162790697674,0.0033199999999999966,"Fun, Books, MedEq, Oil, Meals"
1941-06,0.07013953488372092,0.0797,"Fun, MedEq, Rubbr, Oil, RlEst"
1941-07,0.08260232558139534,0.09140000000000001,"MedEq, Rubbr, Oil, Meals, Insur"
1941-08,0.004155813953488372,0.017560000000000003,"Fun, MedEq, Coal, Oil, Insur"
1941-09,-0.017632558139534883,-0.01206,"Beer, Fun, Coal, Oil, Insur"
1941-10,-0.06165348837209301,-0.04554,"Beer, Fun, Coal, Whlsl, Insur"
1941-11,-0.024353488372093026,0.001400000000000001,"Beer, Fun, Coal, Oil, Insur"
1941-12,-0.0594139534883721,-0.049280000000000004,"Agric, Beer, Fun, Coal, Oil"
1942-01,0.04278139534883721,-0.02126,"Agric, Beer, Fun, Aero, Insur"
1942-02,-0.016025581395348838,-0.00968,"Beer, Fun, Clths, LabEq, Fin"
1942-03,-0.04780930232558139,-0.04222000000000001,"Fun, Clths, MedEq, LabEq, Fin"
1942-04,-0.04294418604651163,-0.059960000000000006,"Fun, Clths, MedEq, Steel, Chips"
1942-05,0.053546511627906974,0.04204,"Fun, MedEq, Rubbr, Chips, Fin"
1942-06,0.02646046511627907,0.0114,"Fun, Autos, Chips, RlEst, Fin"
1942-07,0.04511860465116279,0.04284,"Books, Autos, PerSv, Chips, Banks"
1942-08,0.01611860465116279,0.026000000000000002,"Books, Rubbr, Autos, Chips, Banks"
1942-09,0.031551162790697675,0.01922,"MedEq, BusSv, Hardw, Chips, Banks"
1942-10,0.06737209302325582,0.049780000000000005,"Beer, MedEq, Rubbr, Chips, Banks"
1942-11,0.009006976744186048,0.0007600000000000011,"Books, MedEq, Cnstr, Chips, Fin"
1942-12,0.04883488372093023,0.051460000000000006,"Books, MedEq, Cnstr, Chips, Banks"
1943-01,0.0901046511627907,0.13588,"Books, MedEq, Cnstr, Chips, Paper"
1943-02,0.08272790697674419,0.12978,"Books, MedEq, Cnstr, Util, Fin"
1943-03,0.08329999999999999,0.05022,"Books, Cnstr, Util, RlEst, Fin"
1943-04,0.022051162790697673,0.06888,"Fun, Books, Cnstr, PerSv, Fin"
1943-05,0.07691627906976745,0.17166,"Books, Cnstr, PerSv, RlEst, Fin"
1943-06,0.016495348837209305,0.000899999999999998,"Books, Cnstr, PerSv, RlEst, Fin"
1943-07,-0.055061904761904756,-0.06542,"Books, Cnstr, PerSv, Whlsl, RlEst"
1943-08,0.016428571428571428,0.059660000000000005,"Fun, Books, PerSv, Whlsl, RlEst"
1943-09,0.02608571428571429,0.01624,"Fun, Books, PerSv, Whlsl, Meals"
1943-10,-0.002685714285714285,0.0020599999999999998,"Books, Util, PerSv, Whlsl, Meals"
1943-11,-0.06536904761904762,-0.06554,"Agric, Beer, Books, PerSv, Whlsl"
1943-12,0.08397619047619047,0.07984000000000001,"Beer, Telcm, PerSv, Whlsl, Meals"
1944-01,0.02642142857142857,0.03744,"Beer, MedEq, Telcm, PerSv, Meals"
1944-02,0.00011190476190476223,-0.0001600000000000039,"Agric, Beer, MedEq, Ships, PerSv"
1944-03,0.032580952380952384,0.033639999999999996,"Beer, MedEq, Ships, PerSv, BusSv"
1944-04,-0.023011904761904765,-0.03518,"Beer, Ships, Coal, PerSv, RlEst"
1944-05,0.06062142857142856,0.06498,"Beer, Txtls, Autos, PerSv, BusSv"
1944-06,0.07542619047619047,0.11984,"Toys, Books, Coal, PerSv, Chips"
1944-07,-0.015327906976744186,-0.0281,"Toys, Books, Txtls, Cnstr, PerSv"
1944-08,0.03026046511627907,0.039139999999999994,"Books, Coal, PerSv, BusSv, Meals"
1944-09,0.0014279069767441862,-0.01566,"Books, Txtls, Cnstr, BusSv, RlEst"
1944-10,-0.00029069767441860443,-0.0013999999999999985,"Books, Cnstr, Ships, PerSv, BusSv"
1944-11,0.02325813953488372,0.03604,"Books, Cnstr, Aero, PerSv, Whlsl"
1944-12,0.05124418604651163,0.04908,"Books, Cnstr, Aero, PerSv, Meals"
1945-01,0.029846511627906976,0.016620000000000003,"Toys, Aero, Trans, Whlsl, RlEst"
1945-02,0.05806046511627906,0.06444,"Books, Rubbr, Cnstr, Aero, RlEst"
1945-03,-0.04437441860465116,-0.06726,"Beer, Cnstr, Aero, Trans, RlEst"
1945-04,0.07577209302325581,0.09856,"Beer, Toys, Cnstr, Trans, RlEst"
1945-05,0.022711627906976742,-0.0012600000000000011,"Beer, Toys, Cnstr, Trans, RlEst"
1945-06,0.0124,0.05278,"Beer, Cnstr, BusSv, Trans, RlEst"
1945-07,-0.023751162790697673,-0.03154,"Beer, Books, Cnstr, Util, BusSv"
1945-08,0.06913255813953488,0.056560000000000006,"Beer, Books, Cnstr, Util, Trans"
1945-09,0.07185116279069766,0.04502,"Agric, Books, Txtls, Whlsl, Banks"
1945-10,0.05543023255813953,0.06618,"Books, Txtls, Cnstr, BusSv, RlEst"
1945-11,0.06850697674418604,0.1245,"Beer, Fun, Books, Cnstr, RlEst"
1945-12,0.023123255813953487,0.05968000000000001,"Beer, Books, Cnstr, PerSv, RlEst"
1946-01,0.07615348837209301,0.08428000000000001,"Beer, Fun, PerSv, Meals, RlEst"
1946-02,-0.05744186046511628,-0.0775,"Beer, Fun, Cnstr, RlEst, Fin"
1946-03,0.06069302325581395,0.06486,"Beer, Fun, Cnstr, Meals, RlEst"
1946-04,0.05973953488372093,0.05132,"Beer, Fun, Drugs, RlEst, Fin"
1946-05,0.04016976744186047,0.033960000000000004,"Fun, Drugs, PerSv, Meals, RlEst"
1946-06,-0.04625348837209302,-0.05718,"Fun, MedEq, Drugs, PerSv, RlEst"
1946-07,-0.0315093023255814,-0.027360000000000002,"Agric, Fun, Drugs, Paper, Whlsl"
1946-08,-0.06332558139534884,-0.044180000000000004,"Agric, Beer, Drugs, Oil, PerSv"
1946-09,-0.11120697674418605,-0.10964000000000002,"Agric, Beer, Drugs, Oil, PerSv"
1946-10,-0.014313953488372094,-0.0122,"Agric, Drugs, Oil, PerSv, Hardw"
1946-11,0.0003790697674418594,0.00988,"Agric, Smoke, Drugs, Oil, Telcm"
1946-12,0.0498953488372093,0.07082000000000001,"Agric, Telcm, LabEq, Boxes, Insur"
1947-01,0.01113720930232558,-0.03382,"Agric, Drugs, LabEq, Paper, Insur"
1947-02,-0.008365116279069768,-0.006060000000000001,"Smoke, Chips, LabEq, Boxes, Insur"
1947-03,-0.021504651162790697,-0.02868,"Chips, LabEq, Paper, Boxes, Insur"
1947-04,-0.0679674418604651,-0.058940000000000006,"MedEq, Coal, Chips, LabEq, Boxes"
1947-05,-0.0248906976744186,-0.01702,"Agric, Chems, Autos, LabEq, Boxes"
1947-06,0.060279069767441865,0.06817999999999999,"Agric, Autos, Oil, LabEq, Banks"
1947-07,0.04810697674418604,0.06836,"Agric, Clths, Autos, Coal, Oil"
1947-08,-0.01866279069767442,-0.02732,"Agric, Chems, Coal, Oil, LabEq"
1947-09,0.003990697674418604,0.0212,"Agric, Toys, Coal, Oil, Banks"
1947-10,0.0241,0.022240000000000003,"Agric, Toys, Txtls, Coal, Oil"
1947-11,-0.01783488372093023,-0.004120000000000002,"Agric, Hshld, Txtls, Coal, Paper"
1947-12,0.014606976744186047,0.027840000000000004,"Agric, Txtls, Coal, Paper, Other"
1948-01,-0.03248372093023256,-0.0361,"Hshld, Txtls, Steel, Coal, Other"
1948-02,-0.04965348837209302,-0.05956,"Txtls, Cnstr, Aero, Coal, Insur"
1948-03,0.08470697674418604,0.09652,"Cnstr, Aero, Coal, Insur, Other"
1948-04,0.02766046511627907,0.05316,"Steel, Aero, Coal, Oil, Fin"
1948-05,0.08044883720930233,0.08338000000000001,"Aero, Coal, Oil, Trans, Insur"
1948-06,-0.01453488372093023,0.028420000000000004,"Cnstr, Aero, Coal, Oil, Trans"
1948-07,-0.04728604651162791,-0.048,"Cnstr, Aero, Coal, Oil, Fin"
1948-08,0.008813953488372092,0.0044399999999999995,"Cnstr, Aero, Coal, Oil, Paper"
1948-09,-0.03242325581395349,-0.05548,"Books, Cnstr, Aero, Coal, Paper"
1948-10,0.0514046511627907,0.08679999999999999,"MedEq, Cnstr, Paper, Banks, Insur"
1948-11,-0.08591627906976743,-0.11232,"MedEq, Cnstr, ElcEq, Autos, Insur"
1948-12,0.02345813953488372,0.046520000000000006,"Smoke, MedEq, Telcm, LabEq, Insur"
1949-01,0.010125581395348837,0.0019199999999999998,"Agric, Smoke, MedEq, LabEq, Insur"
1949-02,-0.026037209302325583,-0.00164,"Smoke, MedEq, Hardw, LabEq, Insur"
1949-03,0.049741860465116285,0.045,"Smoke, MedEq, LabEq, Banks, Insur"
1949-04,-0.020067441860465118,-0.004219999999999998,"Fun, MedEq, Drugs, LabEq, Banks"
1949-05,-0.02993488372093023,-0.01922,"Smoke, Fun, Drugs, LabEq, Banks"
1949-06,0.003202325581395349,0.00532,"Smoke, Fun, Drugs, Util, Banks"
1949-07,0.05819302325581395,0.044460000000000006,"Smoke, Drugs, Util, BusSv, Banks"
1949-08,0.026348837209302325,0.01842,"Beer, Drugs, Cnstr, PerSv, Banks"
1949-09,0.03745813953488372,0.060219999999999996,"Books, Hshld, MedEq, Cnstr, PerSv"
1949-10,0.035186046511627905,0.03466,"Beer, MedEq, Cnstr, PerSv, Banks"
1949-11,0.021104651162790696,0.03364,"Beer, Hshld, MedEq, Cnstr, PerSv"
1949-12,0.06280232558139534,0.09250000000000001,"Beer, Hshld, MedEq, Cnstr, PerSv"
1950-01,0.025062790697674416,0.031259999999999996,"Hshld, MedEq, Cnstr, Autos, Hardw"
1950-02,0.014493023255813952,0.02348,"MedEq, Cnstr, Hardw, Chips, Boxes"
1950-03,-0.005913953488372093,-0.02424,"Toys, MedEq, Cnstr, Aero, Chips"
1950-04,0.03368139534883721,0.05126,"MedEq, ElcEq, Autos, Hardw, Chips"
1950-05,0.03618604651162791,0.0046,"Cnstr, ElcEq, Autos, Aero, Chips"
1950-06,-0.06718139534883721,-0.0629,"ElcEq, Autos, Aero, Chips, Boxes"
1950-07,0.009834883720930233,0.03722,"Chems, Steel, Autos, Aero, Chips"
1950-08,0.05382325581395349,0.028759999999999997,"Steel, Autos, Aero, Ships, Oil"
1950-09,0.06356279069767441,0.04584,"Txtls, Steel, Autos, Coal, Oil"
1950-10,-0.008076744186046512,0.0032000000000000006,"Txtls, Steel, Autos, Coal, Oil"
1950-11,0.028746511627906975,0.041100000000000005,"Txtls, Steel, Ships, Coal, Oil"
1950-12,0.051234883720930234,0.10216,"Txtls, Steel, Ships, Mines, Coal"
1951-01,0.05859302325581394,0.059199999999999996,"Txtls, Steel, Ships, Coal, Trans"
1951-02,0.014753488372093022,0.0006999999999999999,"Books, Mines, Paper, Boxes, RlEst"
1951-03,-0.025565116279069766,-0.030940000000000002,"Rubbr, Mines, Paper, Trans, RlEst"
1951-04,0.033804651162790696,0.052360000000000004,"Rubbr, Oil, Trans, RlEst, Fin"
1951-05,-0.017544186046511628,-0.01662,"Drugs, Chems, Oil, Chips, Boxes"
1951-06,-0.027948837209302326,-0.014500000000000002,"Drugs, Chems, Cnstr, Oil, Fin"
1951-07,0.05583023255813953,0.07102000000000001,"Agric, Drugs, Oil, Chips, Paper"
1951-08,0.040344186046511625,0.020180000000000003,"Drugs, Chems, Oil, Chips, Banks"
1951-09,0.019351162790697672,-0.012060000000000001,"MedEq, Drugs, Chems, Oil, Fin"
1951-10,-0.03105581395348837,-0.041120000000000004,"Fun, Drugs, Oil, Paper, Whlsl"
1951-11,0.010590697674418604,0.012440000000000003,"Fun, Coal, Oil, Paper, Whlsl"
1951-12,0.024813953488372096,0.021140000000000003,"Fun, Coal, Oil, Paper, Banks"
1952-01,0.010193023255813954,0.021959999999999997,"Oil, LabEq, Whlsl, Banks, Fin"
1952-02,-0.024476744186046513,-0.0102,"Cnstr, Mines, Coal, Oil, Fin"
1952-03,0.02933720930232558,0.028040000000000002,"Cnstr, Coal, Util, Banks, Fin"
1952-04,-0.041627906976744185,-0.031060000000000004,"Cnstr, Oil, Banks, RlEst, Fin"
1952-05,0.026465116279069768,0.02794,"Cnstr, Trans, Meals, Banks, Fin"
1952-06,0.030834883720930233,0.04234,"Cnstr, Trans, Banks, Insur, Fin"
1952-07,0.01038139534883721,0.021920000000000002,"Cnstr, Autos, Trans, Banks, RlEst"
1952-08,0.005272093023255814,0.027840000000000004,"Cnstr, Autos, Trans, Banks, RlEst"
1952-09,-0.018397674418604647,4.000000000000184e-05,"Cnstr, ElcEq, Autos, Banks, RlEst"
1952-10,-0.01325813953488372,-0.01468,"ElcEq, Autos, Banks, Insur, RlEst"
1952-11,0.06286744186046513,0.06718,"Toys, ElcEq, Autos, Aero, RlEst"
1952-12,0.023460465116279073,0.0451,"Smoke, ElcEq, Autos, Chips, RlEst"
1953-01,0.005983720930232558,0.005360000000000002,"Smoke, ElcEq, Autos, Chips, RlEst"
1953-02,0.004909302325581396,0.0020000000000000013,"Smoke, Autos, Aero, Chips, RlEst"
1953-03,-0.005674418604651163,-0.025560000000000003,"Smoke, Books, Autos, Aero, RlEst"
1953-04,-0.02442325581395349,-0.00608,"Smoke, Toys, Fun, Books, Chips"
1953-05,0.008911627906976744,0.009200000000000002,"Smoke, Toys, Fun, Books, RlEst"
1953-06,-0.022476744186046508,-0.020120000000000002,"Toys, Fun, PerSv, Meals, RlEst"
1953-07,0.01891627906976744,0.024120000000000003,"Smoke, Toys, Fun, PerSv, RlEst"
1953-08,-0.03788837209302325,-0.03320000000000001,"Smoke, Toys, Fun, MedEq, PerSv"
1953-09,-0.000625581395348837,-0.02278,"Agric, MedEq, Rubbr, PerSv, RlEst"
1953-10,0.042388372093023256,0.0425,"Smoke, MedEq, Rubbr, Telcm, PerSv"
1953-11,0.030044186046511625,0.04426,"MedEq, Rubbr, PerSv, Chips, Boxes"
1953-12,0.0008162790697674432,0.012180000000000003,"MedEq, Rubbr, ElcEq, LabEq, Boxes"
1954-01,0.055227906976744186,0.06356,"MedEq, Rubbr, ElcEq, Aero, Boxes"
1954-02,0.015369767441860464,0.0325,"Rubbr, ElcEq, Aero, LabEq, Banks"
1954-03,0.03201395348837209,0.06520000000000001,"Books, Rubbr, ElcEq, Aero, Boxes"
1954-04,0.030832558139534883,0.042820000000000004,"Fun, Books, ElcEq, Aero, Hardw"
1954-05,0.03556511627906977,0.024060000000000005,"Rubbr, ElcEq, Aero, Hardw, Boxes"
1954-06,0.027097674418604653,0.04936,"Books, ElcEq, Aero, Hardw, LabEq"
1954-07,0.05514883720930233,0.056,"ElcEq, Aero, Hardw, Chips, Paper"
1954-08,-0.015693023255813954,-0.03268,"ElcEq, Aero, Hardw, Chips, Boxes"
1954-09,0.04915116279069767,0.06624000000000001,"Fun, Aero, Hardw, Paper, Meals"
1954-10,-0.01197906976744186,-0.00584,"Fun, Autos, Aero, Paper, Meals"
1954-11,0.09601860465116277,0.07646,"Autos, Aero, PerSv, Paper, Meals"
1954-12,0.06264418604651162,0.095,"BldMt, Aero, Coal, Paper, Meals"
1955-01,0.006390697674418604,0.02656,"Steel, Aero, Coal, Paper, Meals"
1955-02,0.03391860465116279,0.0495,"Steel, Aero, Coal, Paper, Meals"
1955-03,6.976744186045045e-06,-0.004880000000000001,"Steel, Aero, PerSv, Paper, Trans"
1955-04,0.021632558139534883,0.010080000000000004,"Steel, Ships, Hardw, Paper, Trans"
1955-05,0.010755813953488371,0.00506,"Steel, Ships, Hardw, LabEq, Trans"
1955-06,0.039160465116279075,0.06466,"Steel, LabEq, Paper, Trans, Meals"
1955-07,0.0023534883720930234,-0.0296,"Chems, Steel, Hardw, Paper, Boxes"
1955-08,0.00850232558139535,0.010960000000000001,"Chems, Steel, Autos, Paper, Boxes"
1955-09,-0.0166046511627907,0.00808,"Chems, Rubbr, Steel, Autos, Coal"
1955-10,-0.01921860465116279,-0.037200000000000004,"Chems, Rubbr, Steel, Autos, Rtail"
1955-11,0.05981162790697674,0.08558,"Rubbr, Steel, Autos, Coal, Rtail"
1955-12,0.024583720930232558,0.0351,"Rubbr, Steel, Autos, Aero, Coal"
1956-01,-0.02934186046511628,-0.029459999999999997,"Smoke, Rubbr, Autos, Aero, Coal"
1956-02,0.04236976744186047,0.028600000000000004,"Rubbr, Cnstr, Aero, Coal, PerSv"
1956-03,0.05965348837209302,0.07216,"Books, Aero, Coal, Oil, Paper"
1956-04,-0.004290697674418606,-0.03534,"Coal, Oil, Chips, Paper, RlEst"
1956-05,-0.03655116279069768,-0.02472,"Books, Coal, Oil, Hardw, RlEst"
1956-06,0.032741860465116276,0.08726,"Books, Drugs, Coal, Hardw, Chips"
1956-07,0.0369093023255814,0.050800000000000005,"Books, Coal, Hardw, Chips, Boxes"
1956-08,-0.016932558139534887,-0.03588,"Books, Mach, Hardw, Chips, Boxes"
1956-09,-0.04102325581395349,-0.049240000000000006,"Toys, Books, Steel, Hardw, Chips"
1956-10,0.010944186046511628,0.043460000000000006,"Toys, Books, Mach, Aero, Hardw"
1956-11,0.006686046511627907,0.0269,"Toys, Books, Rubbr, Aero, Coal"
1956-12,0.028746511627906975,0.0147,"Toys, Aero, Ships, Coal, Chips"
1957-01,-0.008937209302325581,-0.0146,"Toys, Cnstr, Mach, Aero, Ships"
1957-02,-0.012574418604651163,-0.019039999999999998,"Toys, Aero, Ships, PerSv, Whlsl"
1957-03,0.026209302325581395,0.01748,"Toys, Rubbr, Ships, Whlsl, Insur"
1957-04,0.030286046511627907,0.051680000000000004,"Toys, Cnstr, Ships, Chips, Whlsl"
1957-05,0.027595348837209304,0.03774,"Drugs, Cnstr, Ships, Hardw, Chips"
1957-06,-0.00040930232558139567,0.04542,"Books, Drugs, Cnstr, Hardw, Chips"
1957-07,0.006555813953488373,0.017020000000000004,"Books, Drugs, Hardw, Chips, LabEq"
1957-08,-0.04612558139534884,-0.06720000000000001,"Books, Drugs, ElcEq, Hardw, Chips"
1957-09,-0.04448139534883721,-0.04892,"Books, Drugs, Hardw, Chips, LabEq"
1957-10,-0.04516744186046511,-0.02044,"Books, Drugs, PerSv, Hardw, LabEq"
1957-11,0.03356279069767442,0.049060000000000006,"Smoke, Drugs, PerSv, Hardw, LabEq"
1957-12,-0.0296,0.01068,"Smoke, Hshld, MedEq, Drugs, PerSv"
1958-01,0.06909767441860466,0.0575,"Smoke, Hshld, MedEq, PerSv, Banks"
1958-02,-0.0025697674418604668,0.023960000000000002,"Food, Smoke, Util, PerSv, Banks"
1958-03,0.03996511627906976,0.03714,"Food, Smoke, PerSv, Banks, Insur"
1958-04,0.024995348837209302,0.03504,"Smoke, MedEq, Drugs, Banks, Insur"
1958-05,0.030130232558139534,-0.0032799999999999995,"Agric, Smoke, MedEq, Drugs, Insur"
1958-06,0.02872325581395349,0.029280000000000004,"Agric, Food, Smoke, Meals, RlEst"
1958-07,0.045281395348837204,0.04352,"Agric, Txtls, Meals, RlEst, Other"
1958-08,0.03133255813953489,0.05434,"Agric, Drugs, Coal, RlEst, Other"
1958-09,0.04359767441860466,0.0386,"Drugs, Coal, Meals, RlEst, Other"
1958-10,0.03683953488372093,0.02744,"Drugs, Txtls, Trans, Meals, RlEst"
1958-11,0.044072093023255814,0.04794,"Toys, Txtls, Steel, Meals, RlEst"
1958-12,0.04292558139534883,7.999999999999978e-05,"Toys, Books, Drugs, LabEq, Meals"
1959-01,0.01574186046511628,0.012720000000000002,"Toys, MedEq, Steel, Hardw, Meals"
1959-02,0.030046511627906974,0.03624,"Toys, Books, PerSv, Hardw, Meals"
1959-03,0.014844186046511627,0.06656000000000001,"Toys, Telcm, PerSv, Hardw, Meals"
1959-04,0.03281395348837209,0.0636,"Toys, Hshld, PerSv, Hardw, Meals"
1959-05,0.007488372093023254,-0.04052,"Toys, Drugs, PerSv, Chips, LabEq"
1959-06,0.020446511627906977,0.003219999999999999,"Toys, Chems, ElcEq, Telcm, Hardw"
1959-07,0.031230232558139535,0.04666,"Agric, Toys, Drugs, Txtls, LabEq"
1959-08,-0.015167441860465116,-0.04062,"Agric, Toys, Drugs, Txtls, LabEq"
1959-09,-0.04701627906976744,-0.04708000000000001,"Toys, MedEq, Drugs, Autos, LabEq"
1959-10,0.030525581395348837,0.060160000000000005,"Toys, MedEq, Txtls, Autos, LabEq"
1959-11,0.029316279069767442,0.0029000000000000015,"Toys, Books, MedEq, Coal, Meals"
1959-12,0.01711162790697674,-0.02626,"Agric, Smoke, Toys, MedEq, LabEq"
1960-01,-0.05599069767441861,-0.04954,"Toys, Books, ElcEq, Coal, LabEq"
1960-02,0.023869767441860465,0.05876000000000001,"Smoke, Toys, Telcm, BusSv, LabEq"
1960-03,-0.012679069767441861,0.0172,"Agric, Toys, Telcm, PerSv, LabEq"
1960-04,-0.0034790697674418596,0.05444,"Agric, Toys, Books, PerSv, LabEq"
1960-05,0.041579069767441856,0.10352,"Agric, Toys, PerSv, Chips, LabEq"
1960-06,0.01493953488372093,-0.03782,"Agric, Toys, Books, PerSv, Chips"
1960-07,-0.017451162790697673,-0.026040000000000004,"Agric, Toys, Books, Hardw, LabEq"
1960-08,0.03287209302325582,0.04152,"Toys, Books, Hshld, Hardw, LabEq"
1960-09,-0.06319534883720931,-0.04802,"Smoke, Toys, Books, Hardw, LabEq"
1960-10,-0.005913953488372092,0.03058,"Food, Smoke, Toys, Books, Aero"
1960-11,0.0646767441860465,0.09226000000000001,"Food, Smoke, Books, Hshld, Aero"
1960-12,0.04497209302325581,0.05278000000000001,"Food, Smoke, Toys, Hshld, Mines"
1961-01,0.0674093023255814,0.04982,"Smoke, Toys, Books, Mines, PerSv"
1961-02,0.05867906976744186,0.0719,"Smoke, Toys, Books, Mines, PerSv"
1961-03,0.03683023255813953,0.0485,"Toys, Books, MedEq, Cnstr, Banks"
1961-04,-0.00038837209302325566,-0.03498,"Toys, Fun, Books, MedEq, Cnstr"
1961-05,0.028488372093023254,0.018520000000000002,"Toys, Fun, Cnstr, Banks, RlEst"
1961-06,-0.03047441860465116,-0.045540000000000004,"Fun, Rubbr, Cnstr, Banks, RlEst"
1961-07,0.01508372093023256,0.00728,"Smoke, Fun, Rubbr, Cnstr, RlEst"
1961-08,0.03332558139534884,0.049100000000000005,"Smoke, Fun, Hshld, Banks, RlEst"
1961-09,-0.02636046511627907,-0.009080000000000001,"Smoke, Hshld, Rtail, Banks, Insur"
1961-10,0.01786046511627907,0.034620000000000005,"Smoke, Hshld, Hardw, Banks, Other"
1961-11,0.046679069767441864,0.04234,"Smoke, Hardw, Rtail, Banks, Other"
1961-12,-0.0063767441860465126,-0.02088,"Smoke, Autos, Rtail, Banks, Other"
1962-01,-0.03127441860465116,-0.05222,"Smoke, Clths, Autos, Hardw, Rtail"
1962-02,0.012337209302325581,0.009420000000000001,"Smoke, Clths, Txtls, Autos, Coal"
1962-03,-0.011120930232558137,-0.0029800000000000017,"Clths, Autos, Coal, Oil, RlEst"
1962-04,-0.0747,-0.07918,"Txtls, Oil, Paper, Insur, RlEst"
1962-05,-0.09636744186046511,-0.07894000000000001,"Autos, Oil, BusSv, Paper, Insur"
1962-06,-0.09583488372093024,-0.0804,"Autos, Oil, Paper, Trans, Other"
1962-07,0.061993023255813955,0.0452,"Oil, Util, BusSv, Paper, Trans"
1962-08,0.023209302325581393,0.025759999999999998,"Autos, Oil, Util, Paper, Insur"
1962-09,-0.05818372093023256,-0.030140000000000004,"Autos, Aero, Oil, Util, BusSv"
1962-10,-0.015044186046511627,-0.009779999999999999,"Autos, Aero, Oil, Util, BusSv"
1962-11,0.1332604651162791,0.09698,"Chems, Autos, Aero, Mines, Oil"
1962-12,-0.0006906976744186037,-0.009680000000000001,"Chems, Rubbr, Aero, Paper, Trans"
1963-01,0.06076511627906976,0.05006,"Chems, ElcEq, LabEq, Fin, Other"
1963-02,-0.019818604651162787,-0.00432,"Chems, Autos, Paper, Trans, Other"
1963-03,0.02345813953488372,0.0439,"Drugs, Ships, Paper, Trans, Other"
1963-04,0.044979069767441864,0.07116,"Drugs, Ships, Paper, Trans, Other"
1963-05,0.023655813953488373,0.0189,"Rubbr, Paper, Trans, Fin, Other"
1963-06,-0.019804651162790694,-0.034640000000000004,"Agric, Autos, Paper, Trans, Other"
1963-07,-0.010997872340425532,-0.0033399999999999992,"Agric, Autos, Coal, Paper, Trans"
1963-08,0.04982765957446809,0.04936,"Agric, Txtls, Oil, Paper, Trans"
1963-09,-0.018606382978723402,-0.015180000000000003,"Agric, Autos, Coal, Trans, Other"
1963-10,0.028380851063829787,0.025820000000000003,"Agric, Books, Autos, Paper, Other"
1963-11,-0.00895744680851064,-0.0028000000000000004,"MedEq, Txtls, Autos, Coal, Other"
1963-12,0.011219148936170212,0.023860000000000003,"MedEq, Txtls, Coal, Telcm, Other"
1964-01,0.013844680851063832,0.0294,"Txtls, Coal, Hardw, Chips, Other"
1964-02,0.024244680851063828,0.0211,"Mines, Coal, Hardw, Chips, Other"
1964-03,0.022097872340425533,0.008760000000000002,"Txtls, Mines, Hardw, Trans, Other"
1964-04,-0.006904255319148936,0.003100000000000002,"FabPr, Mines, Hardw, Chips, Trans"
1964-05,0.007899999999999999,0.0262,"Soda, Mach, Mines, Oil, Trans"
1964-06,0.014517021276595743,0.00888,"Soda, Smoke, Mines, Oil, Trans"
1964-07,0.023338297872340423,0.02162,"Rubbr, FabPr, Mach, Mines, Trans"
1964-08,-0.007529787234042553,-0.005099999999999999,"Rubbr, FabPr, Aero, Mines, Trans"
1964-09,0.03583191489361702,0.04624,"Smoke, Rubbr, FabPr, Aero, Mines"
1964-10,0.013808510638297872,-0.00184,"Rubbr, Autos, Aero, Gold, Mines"
1964-11,0.005344680851063829,0.00592,"Rubbr, Txtls, FabPr, Aero, Ships"
1964-12,-0.002536170212765957,-0.01068,"Agric, FabPr, ElcEq, Gold, PerSv"
1965-01,0.05879787234042553,0.05138000000000001,"Txtls, ElcEq, Aero, Gold, PerSv"
1965-02,0.0247531914893617,0.0199,"Agric, ElcEq, Gold, PerSv, LabEq"
1965-03,0.002887234042553191,-0.0011200000000000001,"Txtls, FabPr, ElcEq, Gold, PerSv"
1965-04,0.03745744680851064,0.053360000000000005,"Agric, Txtls, PerSv, Meals, Other"
1965-05,-0.01249787234042553,-0.0014399999999999999,"Agric, Books, Clths, LabEq, Other"
1965-06,-0.06833829787234041,-0.08198000000000001,"Toys, Books, Clths, Txtls, LabEq"
1965-07,0.02940833333333333,0.05256,"Beer, Toys, Books, ElcEq, Aero"
1965-08,0.043979166666666666,0.06436,"Toys, Books, MedEq, Aero, Guns"
1965-09,0.0382625,0.0913,"Toys, Books, MedEq, Aero, LabEq"
1965-10,0.04307083333333333,0.06522000000000001,"Toys, MedEq, Aero, Chips, LabEq"
1965-11,0.03204166666666666,0.09918000000000002,"Toys, MedEq, Aero, Chips, LabEq"
1965-12,0.03667708333333333,0.017820000000000003,"Toys, Cnstr, Aero, Chips, LabEq"
1966-01,0.030210416666666663,0.08282,"Agric, Toys, Cnstr, Aero, PerSv"
1966-02,0.007406249999999999,0.023360000000000002,"Agric, Toys, Cnstr, Aero, PerSv"
1966-03,-0.021208333333333333,-0.007679999999999997,"Toys, Rubbr, Cnstr, Aero, Mines"
1966-04,0.03465833333333333,0.037340000000000005,"Agric, Toys, Rubbr, Cnstr, Mines"
1966-05,-0.07052708333333334,-0.13618000000000002,"Agric, Toys, Rubbr, Mines, PerSv"
1966-06,-0.006854166666666665,-0.01122,"Agric, Toys, Rubbr, Gold, Mines"
1966-07,-0.015883333333333333,0.0012599999999999955,"Agric, Toys, MedEq, Gold, Whlsl"
1966-08,-0.08665208333333332,-0.1006,"Agric, Books, Gold, Hardw, Boxes"
1966-09,-0.023483333333333332,0.00528,"Books, Gold, Coal, Hardw, Boxes"
1966-10,0.012383333333333333,-0.003259999999999999,"Books, Gold, Coal, Boxes, Insur"
1966-11,0.043552083333333325,0.00298,"Soda, Oil, Util, Telcm, Insur"
1966-12,0.029852083333333328,0.005719999999999999,"Agric, Soda, Fun, Coal, Insur"
1967-01,0.11724166666666665,0.08378000000000001,"Soda, Fun, Coal, Banks, Insur"
1967-02,0.019370833333333334,0.02506,"Soda, Fun, Cnstr, Coal, Banks"
1967-03,0.05389791666666667,0.06595999999999999,"Fun, Rubbr, Cnstr, PerSv, Whlsl"
1967-04,0.05228541666666666,0.0552,"Fun, MedEq, Cnstr, LabEq, Whlsl"
1967-05,-0.022000000000000002,-0.038060000000000004,"Cnstr, FabPr, Softw, LabEq, Meals"
1967-06,0.047327083333333325,0.09088000000000002,"Cnstr, FabPr, Softw, LabEq, Meals"
1967-07,0.056479166666666664,0.01938,"Fun, Rubbr, Cnstr, Softw, Meals"
1967-08,-0.0066104166666666655,-0.004239999999999999,"Fun, Rubbr, FabPr, PerSv, Meals"
1967-09,0.046204166666666664,0.061,"Fun, Rubbr, Cnstr, FabPr, Meals"
1967-10,-0.01990625,0.07398,"Fun, Rubbr, PerSv, Softw, Meals"
1967-11,0.006010416666666666,0.045040000000000004,"Fun, Rubbr, PerSv, Softw, Meals"
1967-12,0.053829166666666664,0.08685999999999999,"Fun, PerSv, Hardw, Softw, Meals"
1968-01,-0.028710416666666662,-0.07166,"Clths, PerSv, BusSv, Softw, Meals"
1968-02,-0.04761041666666666,-0.10214000000000001,"Clths, PerSv, Softw, Meals, RlEst"
1968-03,0.003966666666666666,-0.018400000000000003,"Clths, Gold, PerSv, Meals, RlEst"
1968-04,0.12211874999999998,0.14042000000000002,"Clths, Gold, Rtail, Meals, RlEst"
1968-05,0.048975,0.10196,"Clths, Gold, PerSv, Meals, RlEst"
1968-06,0.010554166666666667,0.038459999999999994,"Gold, PerSv, Meals, Banks, RlEst"
1968-07,-0.03615208333333333,-0.0269,"Gold, PerSv, Banks, Insur, RlEst"
1968-08,0.024731249999999996,0.056859999999999994,"Ships, PerSv, Banks, Insur, RlEst"
1968-09,0.06615624999999999,0.14212000000000002,"Fun, PerSv, Banks, Insur, RlEst"
1968-10,0.004029166666666665,-0.00045999999999999904,"Fun, Cnstr, PerSv, Insur, RlEst"
1968-11,0.06342083333333333,0.0368,"PerSv, Paper, Banks, Insur, RlEst"
1968-12,-0.018689583333333332,-0.032619999999999996,"Paper, Banks, Insur, RlEst, Fin"
1969-01,-0.007781249999999999,0.018080000000000002,"Guns, Paper, Meals, RlEst, Other"
1969-02,-0.07375,-0.11582,"Fun, Guns, Meals, RlEst, Other"
1969-03,0.021302083333333333,0.051500000000000004,"Agric, Smoke, Paper, RlEst, Other"
1969-04,0.008208333333333331,0.04474,"Agric, MedEq, Gold, Paper, RlEst"
1969-05,-0.001841666666666666,0.012660000000000001,"MedEq, Gold, Paper, RlEst, Other"
1969-06,-0.09169583333333332,-0.12082,"MedEq, Gold, Paper, RlEst, Other"
1969-07,-0.0783142857142857,-0.042100000000000005,"Hshld, MedEq, Telcm, Hardw, Rtail"
1969-08,0.06560816326530612,0.06774,"Hshld, MedEq, Telcm, Hardw, Boxes"
1969-09,-0.008355102040816327,-0.0007800000000000012,"Hshld, MedEq, Drugs, Hardw, RlEst"
1969-10,0.08364897959183672,0.0698,"Soda, Hshld, MedEq, Drugs, Hardw"
1969-11,-0.0391530612244898,0.0018799999999999997,"Soda, Smoke, MedEq, Drugs, Coal"
1969-12,-0.02491632653061224,0.02912,"Smoke, MedEq, Drugs, Coal, Hardw"
1970-01,-0.0752612244897959,-0.057940000000000005,"Smoke, Hlth, MedEq, Drugs, Coal"
1970-02,0.05316530612244898,0.03038000000000001,"Agric, Hlth, MedEq, Drugs, Coal"
1970-03,-0.01809183673469388,-0.056920000000000005,"Agric, Beer, MedEq, Drugs, Coal"
1970-04,-0.14269591836734694,-0.14806,"Agric, Beer, FabPr, Coal, Util"
1970-05,-0.09237959183673468,-0.02542,"Beer, Coal, Util, Telcm, Paper"
1970-06,-0.061540816326530606,-0.020000000000000004,"Soda, Smoke, Coal, Util, Paper"
1970-07,0.06204081632653061,0.06742000000000001,"Smoke, Chems, Coal, Util, Banks"
1970-08,0.04925102040816326,0.03318,"Smoke, Chems, Coal, Oil, Paper"
1970-09,0.09833877551020406,0.018500000000000003,"Smoke, Chems, Autos, Gold, Oil"
1970-10,-0.04725306122448979,0.03546,"Smoke, Chems, Gold, Coal, Oil"
1970-11,0.03986122448979591,0.05496,"Smoke, Gold, Coal, Oil, Rtail"
1970-12,0.06748571428571427,0.0242,"Smoke, Gold, Coal, Oil, Rtail"
1971-01,0.07984897959183672,0.10706000000000002,"Books, Clths, FabPr, Guns, Coal"
1971-02,0.038010204081632644,0.038540000000000005,"Fun, Clths, Guns, Coal, Trans"
1971-03,0.05408163265306122,0.08294,"Fun, Clths, Hlth, FabPr, Coal"
1971-04,0.037936734693877545,0.03888,"Smoke, Toys, Fun, Clths, Coal"
1971-05,-0.03647142857142857,-0.041240000000000006,"Fun, Hlth, FabPr, Guns, Trans"
1971-06,-0.0011367346938775517,-0.00388,"Toys, Fun, Hlth, FabPr, Trans"
1971-07,-0.05881836734693877,-0.10826,"Toys, Fun, MedEq, FabPr, Softw"
1971-08,0.04851836734693877,0.05036,"Hlth, MedEq, FabPr, Ships, Meals"
1971-09,-0.006791836734693877,-0.0024000000000000002,"Soda, Ships, Trans, Meals, Insur"
1971-10,-0.056491836734693886,-0.054840000000000014,"Soda, FabPr, Ships, Trans, Insur"
1971-11,-0.015748979591836732,0.00652,"Soda, Hshld, MedEq, Trans, Meals"
1971-12,0.110334693877551,0.08886000000000001,"Soda, Hshld, MedEq, Trans, Banks"
1972-01,0.0514,0.0279,"Soda, Beer, PerSv, Trans, Banks"
1972-02,0.03483673469387755,0.04284,"Fun, Aero, PerSv, Trans, Other"
1972-03,0.005610204081632653,-0.016980000000000002,"Fun, Aero, PerSv, Meals, Other"
1972-04,0.011487755102040816,-0.011640000000000005,"Fun, Rubbr, Aero, Meals, Other"
1972-05,0.0031714285714285716,0.025920000000000002,"Agric, Smoke, Fun, Aero, Meals"
1972-06,-0.034720408163265305,-0.01608,"Smoke, Fun, Aero, LabEq, Meals"
1972-07,-0.02463877551020408,-0.04066,"Agric, Smoke, Fun, LabEq, Meals"
1972-08,0.022875510204081632,-0.0011399999999999997,"Soda, Hshld, MedEq, Drugs, LabEq"
1972-09,-0.024855102040816326,-0.0018400000000000007,"Soda, Beer, MedEq, Drugs, Banks"
1972-10,-0.006908163265306123,0.00596,"Soda, Beer, Drugs, Oil, Banks"
1972-11,0.052577551020408154,0.03808,"Drugs, Oil, Util, Telcm, Banks"
1972-12,0.00020000000000000004,0.0036599999999999996,"Oil, Util, Telcm, Banks, Fin"
1973-01,-0.047418367346938765,-0.024759999999999997,"Oil, Util, Telcm, Paper, Banks"
1973-02,-0.04664285714285714,-0.018140000000000003,"Mines, Coal, Oil, Util, Telcm"
1973-03,-0.012585714285714285,0.0054600000000000004,"Drugs, Gold, Mines, Oil, Telcm"
1973-04,-0.07017142857142857,-0.024139999999999995,"Drugs, Gold, Mines, Coal, Oil"
1973-05,-0.0458734693877551,-0.02128,"Steel, Gold, Mines, Coal, Oil"
1973-06,-0.027228571428571425,-0.006200000000000002,"Drugs, Gold, Mines, Coal, Hardw"
1973-07,0.09863673469387756,0.05714,"Drugs, Ships, Gold, Mines, Oil"
1973-08,-0.031785714285714285,-0.013600000000000003,"Drugs, Ships, Gold, Mines, Paper"
1973-09,0.07773877551020407,0.09324000000000002,"Agric, Ships, Gold, Mines, Paper"
1973-10,-0.006987755102040815,0.02026,"Agric, Mach, Ships, Mines, Paper"
1973-11,-0.14743061224489795,-0.10664000000000001,"Agric, Cnstr, Ships, Mines, Paper"
1973-12,0.007222448979591836,0.09238,"Agric, FabPr, Ships, Mines, Paper"
1974-01,0.03752244897959183,0.01398,"FabPr, Ships, Gold, Mines, Paper"
1974-02,0.006812244897959183,0.01848,"Steel, Ships, Gold, Mines, Coal"
1974-03,-0.01393469387755102,-0.021740000000000002,"Steel, Ships, Gold, Mines, Coal"
1974-04,-0.049840816326530604,-0.03902,"Steel, Ships, Gold, Coal, Paper"
1974-05,-0.04803673469387754,-0.07608000000000001,"Steel, Guns, Gold, Coal, Paper"
1974-06,-0.030353061224489792,-0.01488,"Chems, Autos, Guns, Gold, Coal"
1974-07,-0.07050204081632652,-0.07966000000000001,"Chems, Autos, Aero, Guns, Softw"
1974-08,-0.08486326530612244,-0.06648,"Chems, Steel, Aero, Guns, Gold"
1974-09,-0.11615714285714285,-0.13232,"Smoke, Chems, Steel, Guns, Gold"
1974-10,0.15423061224489795,0.13284,"Smoke, Chems, Steel, Guns, Telcm"
1974-11,-0.03943469387755101,-0.018940000000000005,"Smoke, Gold, Coal, Oil, Telcm"
1974-12,-0.04630204081632653,-0.042300000000000004,"Smoke, Steel, Gold, Mines, Coal"
1975-01,0.18752448979591835,0.13462000000000002,"Agric, Smoke, Coal, Util, PerSv"
1975-02,0.06977551020408163,0.07322000000000002,"Food, Hlth, Coal, Util, PerSv"
1975-03,0.0698061224489796,0.08926,"Fun, Hlth, Coal, PerSv, Insur"
1975-04,0.052087755102040806,0.11796000000000001,"Soda, Fun, Hlth, Coal, Meals"
1975-05,0.05850612244897959,0.11668,"Fun, Hlth, Aero, Coal, Meals"
1975-06,0.05582448979591836,0.03368,"Fun, Hlth, Coal, LabEq, Meals"
1975-07,-0.05458571428571428,-0.0713,"Fun, Hlth, Aero, Coal, Meals"
1975-08,-0.04109795918367347,-0.06044000000000001,"Fun, Hlth, Aero, Coal, Softw"
1975-09,-0.043034693877551024,-0.005659999999999998,"Fun, Clths, Rubbr, Aero, Coal"
1975-10,0.047604081632653054,-0.00264,"Autos, Aero, Coal, Oil, Chips"
1975-11,0.029024489795918366,0.03234,"Food, Clths, Autos, Aero, Util"
1975-12,-0.013259183673469387,-0.0021,"Food, Clths, Txtls, Autos, Util"
1976-01,0.15458367346938773,0.14266,"Food, Clths, Txtls, Autos, Util"
1976-02,0.03231836734693877,0.03688,"Clths, Txtls, Hardw, Paper, Meals"
1976-03,0.014,0.0104,"Clths, Txtls, Hardw, Softw, Meals"
1976-04,-0.01111428571428571,-0.00956,"Clths, BldMt, Autos, Softw, RlEst"
1976-05,-0.017820408163265303,-0.04424000000000001,"Toys, Clths, Coal, Softw, RlEst"
1976-06,0.0433204081632653,0.06458,"Steel, Aero, Guns, Coal, RlEst"
1976-07,-0.010875510204081633,-0.02404,"Toys, FabPr, Aero, Guns, Coal"
1976-08,-0.01844285714285714,-0.02388,"FabPr, Aero, Guns, Coal, Oil"
1976-09,0.022495918367346938,0.0265,"Aero, Guns, Oil, Util, Insur"
1976-10,-0.023067346938775508,-0.029160000000000002,"Aero, Guns, Coal, Oil, Util"
1976-11,0.01124081632653061,0.030440000000000002,"Guns, Oil, Util, Telcm, Insur"
1976-12,0.06938163265306121,0.0587,"Smoke, Books, Util, Telcm, Insur"
1977-01,-0.03307346938775509,-0.026320000000000003,"Smoke, Books, Util, Insur, RlEst"
1977-02,-0.012430612244897957,-0.03232,"Books, Hlth, Util, Telcm, RlEst"
1977-03,-0.004706122448979592,-0.00958,"Agric, Books, Hlth, Gold, RlEst"
1977-04,0.007848979591836733,0.019280000000000002,"Agric, Guns, Gold, Telcm, RlEst"
1977-05,-0.011077551020408161,-0.002300000000000001,"FabPr, Ships, Guns, Gold, RlEst"
1977-06,0.05449999999999999,0.025420000000000005,"FabPr, Ships, Guns, Softw, RlEst"
1977-07,-0.012197959183673468,0.0008800000000000014,"Hlth, FabPr, Aero, Guns, PerSv"
1977-08,-0.006706122448979592,-0.010180000000000003,"FabPr, ElcEq, Aero, Guns, Insur"
1977-09,0.0022081632653061212,0.032400000000000005,"Hlth, FabPr, PerSv, Meals, RlEst"
1977-10,-0.03825102040816326,-0.03728000000000001,"Hlth, FabPr, PerSv, Meals, Insur"
1977-11,0.057906122448979594,0.07838,"Books, Hlth, MedEq, PerSv, Meals"
1977-12,0.009214285714285715,0.04362,"Fun, Hlth, MedEq, PerSv, Meals"
1978-01,-0.04993877551020408,-0.063,"Books, Hlth, PerSv, Softw, Meals"
1978-02,-0.0030224489795918365,0.0008199999999999995,"Hlth, MedEq, FabPr, Gold, Meals"
1978-03,0.053028571428571425,0.08914000000000001,"Clths, Hlth, Rubbr, PerSv, Softw"
1978-04,0.08936938775510202,0.10852,"Books, Hlth, Aero, Softw, RlEst"
1978-05,0.04212040816326531,0.07978,"Fun, Hlth, Aero, Softw, RlEst"
1978-06,-0.004040816326530612,0.02388,"Agric, Hlth, Aero, Softw, RlEst"
1978-07,0.06805510204081631,0.1269,"Hlth, Aero, Softw, Meals, RlEst"
1978-08,0.05305918367346938,0.11316000000000001,"Fun, Hlth, Aero, Softw, Meals"
1978-09,-0.015579591836734694,-0.05232,"Fun, Hlth, Aero, Softw, Meals"
1978-10,-0.14398367346938776,-0.23226,"Hlth, Aero, Softw, Meals, RlEst"
1978-11,0.0393408163265306,0.0379,"Hlth, Aero, Guns, Gold, Boxes"
1978-12,0.01975102040816326,0.05874,"Hlth, Aero, Guns, Softw, Boxes"
1979-01,0.05806938775510204,0.0382,"Hlth, Guns, Mines, Oil, Hardw"
1979-02,-0.03823469387755101,-0.016520000000000003,"Guns, Mines, Oil, Telcm, Hardw"
1979-03,0.0776734693877551,0.058300000000000005,"Gold, Mines, Oil, Telcm, Hardw"
1979-04,0.009016326530612245,-0.01548,"Mines, Coal, Oil, Hardw, Paper"
1979-05,-0.011040816326530612,-0.032,"Hlth, Oil, Softw, LabEq, RlEst"
1979-06,0.05228163265306122,0.08046000000000002,"Cnstr, Gold, Mines, Softw, RlEst"
1979-07,0.022073469387755097,0.024480000000000002,"Cnstr, Gold, Mines, Coal, RlEst"
1979-08,0.07739387755102041,0.0743,"Cnstr, Mines, Coal, Oil, RlEst"
1979-09,-0.003257142857142857,0.0011000000000000012,"Hlth, Cnstr, Ships, Softw, RlEst"
1979-10,-0.08619183673469387,-0.07116,"Cnstr, Ships, Gold, Oil, RlEst"
1979-11,0.07339795918367345,0.10904,"Cnstr, FabPr, Ships, Gold, Oil"
1979-12,0.053310204081632645,0.10434,"Hlth, Cnstr, Ships, Gold, Oil"
1980-01,0.06986530612244897,0.16054000000000002,"Hlth, Aero, Ships, Guns, Gold"
1980-02,-0.029334693877551016,-0.014079999999999999,"Hlth, Aero, Ships, Gold, Mines"
1980-03,-0.11891632653061222,-0.18072000000000005,"Cnstr, Ships, Gold, Mines, Oil"
1980-04,0.04351224489795918,0.04916,"Hlth, Aero, Ships, Gold, Oil"
1980-05,0.06967142857142856,0.06378,"Fun, Hlth, Gold, Oil, Softw"
1980-06,0.04114081632653061,0.09580000000000001,"Fun, Hlth, Gold, Oil, Softw"
1980-07,0.10505510204081632,0.11466000000000001,"Smoke, Hlth, Cnstr, Gold, Oil"
1980-08,0.029942857142857143,0.07046,"Smoke, Hlth, Cnstr, Gold, Softw"
1980-09,0.034326530612244895,0.08328,"Smoke, Hlth, Cnstr, Gold, Softw"
1980-10,0.013157142857142857,0.05032,"Hlth, Cnstr, Gold, Softw, RlEst"
1980-11,0.08002448979591835,0.10072,"Agric, Cnstr, FabPr, Gold, Softw"
1980-12,-0.01704081632653061,-0.06008,"Hlth, Cnstr, FabPr, Gold, Softw"
1981-01,-0.02475306122448979,-0.07970000000000001,"Hlth, Cnstr, Guns, Softw, LabEq"
1981-02,0.014691836734693877,-0.027039999999999998,"Agric, Hlth, BusSv, Softw, Other"
1981-03,0.08058571428571427,0.10328,"Fun, Hlth, MedEq, Trans, Other"
1981-04,0.0075816326530612245,-0.005819999999999999,"Fun, Hlth, Steel, Mines, Trans"
1981-05,0.024724489795918365,0.062380000000000005,"Soda, Fun, Hlth, Drugs, Trans"
1981-06,-0.02553877551020408,-0.035199999999999995,"Soda, Fun, Hlth, Rtail, Meals"
1981-07,-0.020051020408163263,-0.03212,"Txtls, Telcm, PerSv, Rtail, Meals"
1981-08,-0.06359183673469387,-0.05614,"Books, Mines, PerSv, Rtail, Meals"
1981-09,-0.05137142857142856,-0.0673,"Books, FabPr, Mines, Telcm, Softw"
1981-10,0.06539795918367346,0.06394,"Agric, Smoke, Books, Util, Telcm"
1981-11,0.0284734693877551,0.036340000000000004,"Soda, Smoke, Util, Telcm, Banks"
1981-12,-0.020918367346938777,-0.041280000000000004,"Smoke, Oil, Util, Telcm, Insur"
1982-01,-0.023663265306122443,-0.03322,"Agric, Soda, FabPr, Util, Telcm"
1982-02,-0.04620204081632653,-0.026420000000000003,"Fun, MedEq, Drugs, Telcm, Insur"
1982-03,-0.010161224489795917,0.008080000000000002,"Food, Fun, MedEq, Drugs, Insur"
1982-04,0.05268571428571428,0.06358,"Food, Beer, Fun, MedEq, Meals"
1982-05,-0.044153061224489795,-0.019880000000000002,"Food, Beer, MedEq, Autos, Rtail"
1982-06,-0.0215,0.01632,"Food, Beer, Txtls, Autos, Rtail"
1982-07,-0.01636122448979592,0.002139999999999996,"Food, Beer, Fun, Autos, Rtail"
1982-08,0.12617755102040815,0.08530000000000001,"Food, Soda, Beer, Rtail, Meals"
1982-09,0.01993469387755102,0.03528,"Soda, Beer, Hlth, Autos, Rtail"
1982-10,0.13943673469387755,0.10830000000000001,"Soda, Beer, Clths, Hlth, Guns"
1982-11,0.06820816326530613,0.10404,"Clths, Hlth, Guns, Gold, Rtail"
1982-12,0.009155102040816326,0.047080000000000004,"Books, Hlth, Guns, Gold, Rtail"
1983-01,0.047844897959183674,0.06812,"Books, Hlth, Gold, Hardw, LabEq"
1983-02,0.037365306122448975,-0.022400000000000003,"Cnstr, Gold, Softw, LabEq, Whlsl"
1983-03,0.03965510204081633,0.03792000000000001,"Gold, BusSv, Softw, LabEq, RlEst"
1983-04,0.06662448979591837,0.07242000000000001,"Hlth, Rubbr, Gold, Softw, RlEst"
1983-05,0.02836734693877551,0.05072,"Clths, Hlth, Rubbr, Gold, RlEst"
1983-06,0.033740816326530615,-0.010740000000000001,"Rubbr, Steel, Ships, Gold, RlEst"
1983-07,-0.03348163265306123,-0.04024000000000001,"Toys, Clths, Rubbr, Ships, Softw"
1983-08,-0.010799999999999997,-0.037759999999999995,"Clths, Rubbr, Txtls, Guns, Rtail"
1983-09,0.02107142857142857,-0.023519999999999996,"Txtls, Guns, Gold, Coal, Oil"
1983-10,-0.040124489795918365,-0.02328,"Toys, Autos, Ships, Guns, Coal"
1983-11,0.04498163265306121,0.0182,"Food, Smoke, Toys, Coal, Util"
1983-12,-0.012112244897959184,0.00444,"Food, Smoke, Txtls, Autos, Ships"
1984-01,-0.02540408163265306,-0.016579999999999998,"Food, Soda, Smoke, Ships, Paper"
1984-02,-0.051853061224489794,-0.03176,"Food, Soda, Smoke, Steel, Oil"
1984-03,0.01804489795918367,0.004140000000000001,"Food, Soda, Smoke, Ships, Oil"
1984-04,-0.0038081632653061224,-0.023360000000000002,"Soda, Fun, Gold, Oil, Paper"
1984-05,-0.05383877551020408,-0.04934000000000001,"Soda, Gold, Mines, Oil, Paper"
1984-06,0.03154897959183673,0.012140000000000001,"Soda, Fun, Hlth, FabPr, Oil"
1984-07,-0.02733877551020408,-0.00616,"Food, Soda, Hlth, Oil, Telcm"
1984-08,0.11671836734693876,0.09464,"Soda, Books, Hlth, Telcm, Boxes"
1984-09,-0.012589795918367345,-0.043,"Books, Hlth, Aero, Ships, Guns"
1984-10,0.0002448979591836737,0.034420000000000006,"Soda, Smoke, Aero, Ships, Telcm"
1984-11,-0.014702040816326528,-0.023760000000000003,"Smoke, Aero, Ships, Telcm, PerSv"
1984-12,0.02013265306122449,0.04708,"Smoke, Aero, Ships, Guns, Telcm"
1985-01,0.09924897959183673,0.07244,"Ships, Guns, Util, Banks, Insur"
1985-02,0.017622448979591834,0.015560000000000001,"BldMt, Ships, Whlsl, Banks, Insur"
1985-03,-0.004561224489795917,0.0017000000000000019,"Smoke, Fun, Ships, Banks, Insur"
1985-04,-0.015393877551020407,0.006059999999999997,"Agric, Smoke, Fun, Books, Insur"
1985-05,0.0561204081632653,0.05706,"Agric, Fun, Books, Banks, Insur"
1985-06,0.018414285714285713,0.03184,"Agric, Food, Fun, Books, Insur"
1985-07,0.016881632653061224,-0.027780000000000003,"Food, Fun, Books, Hlth, Insur"
1985-08,-0.008744897959183673,0.02622,"Food, Soda, Beer, Fun, Gold"
1985-09,-0.04539591836734694,-0.012220000000000005,"Food, Soda, Beer, Fun, Gold"
1985-10,0.028591836734693874,0.060500000000000005,"Food, Beer, Fun, Clths, Chems"
1985-11,0.07313469387755103,0.05544,"Food, Beer, Fun, Clths, Txtls"
1985-12,0.044306122448979586,0.037540000000000004,"Food, Soda, Fun, Clths, Txtls"
1986-01,0.018904081632653058,0.004260000000000001,"Food, Soda, Beer, Txtls, Hardw"
1986-02,0.0784408163265306,0.08674000000000001,"Food, Fun, Clths, Txtls, Insur"
1986-03,0.059595918367346935,0.07425999999999999,"Agric, Food, Soda, Txtls, Banks"
1986-04,-0.001759183673469388,0.02284,"Agric, Soda, Smoke, Txtls, Banks"
1986-05,0.0448734693877551,0.05566,"Agric, Soda, Smoke, Toys, Cnstr"
1986-06,0.008663265306122448,0.03968000000000001,"Agric, Soda, Smoke, Rubbr, Cnstr"
1986-07,-0.07264489795918366,-0.08534,"Agric, Soda, Smoke, Fun, Drugs"
1986-08,0.05946530612244898,0.021700000000000004,"Food, Soda, Beer, Smoke, Drugs"
1986-09,-0.07151632653061224,-0.12160000000000001,"Food, Soda, Smoke, MedEq, Drugs"
1986-10,0.05072244897959183,0.04444000000000001,"Smoke, Gold, Oil, Util, Telcm"
1986-11,0.013493877551020406,0.01598,"Food, Smoke, Gold, Oil, Util"
1986-12,-0.03191428571428571,-0.025160000000000005,"Smoke, Gold, Oil, Util, Other"
1987-01,0.13744897959183672,0.1323,"Gold, Mines, Oil, Util, Boxes"
1987-02,0.06319999999999999,0.08334000000000001,"Gold, Mines, Oil, PerSv, Softw"
1987-03,0.025212244897959184,0.0821,"Gold, Mines, PerSv, Softw, Other"
1987-04,-0.01706734693877551,0.01192,"Gold, Mines, Softw, Paper, Other"
1987-05,0.008112244897959182,-0.011640000000000001,"Autos, Gold, Mines, Hardw, Softw"
1987-06,0.03734285714285714,-0.021920000000000002,"Steel, Gold, Mines, Softw, LabEq"
1987-07,0.0540734693877551,0.11954000000000001,"Fun, Steel, Gold, Mines, Softw"
1987-08,0.03605102040816326,-0.021159999999999998,"Books, Txtls, Steel, Gold, Mines"
1987-09,-0.013287755102040813,-0.0011399999999999987,"Smoke, Steel, Autos, Gold, Oil"
1987-10,-0.25963877551020403,-0.25424,"Smoke, Steel, Mach, Gold, Telcm"
1987-11,-0.06154897959183673,-0.07296,"Soda, Smoke, Util, Telcm, Insur"
1987-12,0.09163469387755102,0.041280000000000004,"Beer, Smoke, Gold, Util, Telcm"
1988-01,0.025861224489795914,-0.014739999999999996,"Beer, Smoke, Steel, Gold, Telcm"
1988-02,0.0679061224489796,0.02416,"Beer, Smoke, Util, Telcm, Insur"
1988-03,-0.0007836734693877541,0.013560000000000001,"Beer, Txtls, Mach, Util, Telcm"
1988-04,0.00976938775510204,0.00882,"Beer, Txtls, Mach, Oil, Util"
1988-05,-0.003779591836734694,-0.0011599999999999991,"Txtls, Mach, Ships, Mines, Coal"
1988-06,0.060493877551020404,0.03354,"Txtls, Mach, Autos, Ships, Coal"
1988-07,-0.01543265306122449,-0.007940000000000001,"Txtls, Cnstr, Mach, Autos, Aero"
1988-08,-0.030683673469387752,-0.05118,"Toys, Txtls, Cnstr, Mach, Autos"
1988-09,0.03697142857142857,0.0288,"Txtls, FabPr, Mines, Boxes, RlEst"
1988-10,0.011844897959183674,0.0017000000000000001,"Toys, FabPr, Rtail, Banks, Other"
1988-11,-0.022261224489795912,-0.00902,"Food, Beer, FabPr, Boxes, Rtail"
1988-12,0.03013877551020408,0.03226,"Food, Beer, Smoke, FabPr, Boxes"
1989-01,0.06378163265306122,0.045520000000000005,"Food, Beer, Smoke, FabPr, Boxes"
1989-02,-0.006863265306122448,-0.009340000000000001,"Food, Beer, Smoke, Telcm, Trans"
1989-03,0.023097959183673463,0.053340000000000005,"Food, Smoke, Toys, Txtls, Trans"
1989-04,0.048618367346938765,0.04256000000000001,"Food, Soda, Smoke, Toys, Txtls"
1989-05,0.03975510204081632,0.050640000000000004,"Smoke, Toys, Fun, Hlth, Txtls"
1989-06,-0.008824489795918367,0.022940000000000002,"Smoke, Toys, Fun, Hlth, Txtls"
1989-07,0.07275918367346938,0.09068000000000002,"Toys, Fun, Hlth, Txtls, Telcm"
1989-08,0.0242469387755102,0.00444,"Beer, Smoke, Toys, Fun, Hlth"
1989-09,-0.004585714285714286,0.0189,"Beer, Smoke, Toys, Fun, Telcm"
1989-10,-0.04386326530612245,-0.017320000000000002,"Smoke, Toys, Fun, Telcm, Other"
1989-11,0.012240816326530611,0.009059999999999999,"Beer, Smoke, Toys, Fun, Other"
1989-12,0.014457142857142856,-0.01972,"Smoke, Fun, Drugs, Gold, Insur"
1990-01,-0.0708326530612245,-0.06495999999999999,"Beer, Hlth, Drugs, Gold, Other"
1990-02,0.019585714285714283,0.03248,"ElcEq, Gold, Coal, Oil, Softw"
1990-03,0.03690612244897958,0.016140000000000005,"ElcEq, Gold, Coal, Oil, Softw"
1990-04,-0.02723877551020408,-0.04752,"ElcEq, Gold, Coal, Softw, Boxes"
1990-05,0.08976122448979591,0.10508,"Cnstr, Mach, ElcEq, Softw, Boxes"
1990-06,-0.004591836734693876,0.012799999999999999,"Cnstr, FabPr, Hardw, Softw, Other"
1990-07,-0.01641428571428571,-0.05446,"Beer, FabPr, Hardw, Softw, Other"
1990-08,-0.10573877551020408,-0.0661,"Beer, Smoke, Hlth, Drugs, Other"
1990-09,-0.07133061224489795,-0.03724,"Beer, Smoke, Hlth, MedEq, Drugs"
1990-10,-0.032832653061224494,0.02536,"Beer, Smoke, MedEq, Drugs, Oil"
1990-11,0.07451428571428571,0.07500000000000001,"Beer, Smoke, MedEq, Drugs, Util"
1990-12,0.040157142857142857,0.03502,"Food, Smoke, MedEq, Drugs, Util"
1991-01,0.06780612244897959,0.03486,"Food, Smoke, MedEq, Drugs, Util"
1991-02,0.08546122448979591,0.055260000000000004,"Smoke, MedEq, Guns, Softw, Boxes"
1991-03,0.031740816326530606,0.0485,"Smoke, Toys, Clths, MedEq, Softw"
1991-04,0.0015448979591836734,-0.0010000000000000018,"Toys, Clths, MedEq, Softw, LabEq"
1991-05,0.04666734693877551,0.04858,"Toys, Clths, Txtls, Softw, Banks"
1991-06,-0.04138979591836734,-0.03598,"Toys, Clths, Txtls, Rtail, Banks"
1991-07,0.03890816326530612,0.05292,"Toys, Clths, Txtls, Boxes, Rtail"
1991-08,0.021197959183673468,0.047400000000000005,"Txtls, Boxes, Rtail, Banks, Fin"
1991-09,-0.012891836734693877,0.0023599999999999993,"Rubbr, Txtls, Boxes, Rtail, Banks"
1991-10,0.014046938775510201,0.011360000000000002,"Rubbr, Txtls, FabPr, Boxes, Banks"
1991-11,-0.04243061224489796,-0.02414,"Toys, MedEq, Txtls, Softw, Boxes"
1991-12,0.1127469387755102,0.10962000000000001,"Toys, MedEq, Util, Softw, Boxes"
1992-01,0.019632653061224487,-0.011579999999999998,"Beer, Toys, MedEq, Drugs, Softw"
1992-02,0.021995918367346934,0.004739999999999999,"Toys, Hshld, MedEq, Softw, Meals"
1992-03,-0.02690204081632653,-0.01608,"Toys, Fun, Txtls, Softw, Meals"
1992-04,0.008714285714285714,0.012519999999999996,"Toys, Fun, Txtls, Autos, Softw"
1992-05,0.001042857142857143,-0.01448,"Beer, Txtls, BldMt, Autos, Ships"
1992-06,-0.027293877551020407,-0.029220000000000003,"Fun, Txtls, Autos, Ships, Banks"
1992-07,0.03056734693877551,0.008680000000000004,"Fun, Txtls, Steel, Autos, Mines"
1992-08,-0.02596530612244898,-0.06208,"Toys, Steel, Autos, Mines, Banks"
1992-09,0.019969387755102038,0.013700000000000002,"Beer, Oil, Util, Telcm, Insur"
1992-10,0.01509591836734694,-0.0008200000000000015,"Toys, Oil, Util, Telcm, Insur"
1992-11,0.045244897959183676,0.04738,"Toys, Util, Chips, Rtail, Insur"
1992-12,0.020355102040816326,0.028000000000000004,"Fun, Clths, Chips, Rtail, Insur"
1993-01,0.010761224489795919,0.04414,"Fun, Guns, Softw, Chips, Insur"
1993-02,-0.0033469387755102045,-0.0069800000000000036,"Fun, Softw, Chips, Insur, RlEst"
1993-03,0.027032653061224488,0.05208000000000001,"Fun, Chips, Banks, RlEst, Fin"
1993-04,-0.029481632653061224,-0.015160000000000003,"Autos, Chips, Banks, RlEst, Fin"
1993-05,0.037744897959183676,0.023460000000000005,"Autos, Guns, Chips, RlEst, Fin"
1993-06,-0.0027693877551020402,0.0232,"Mach, Autos, Gold, Chips, RlEst"
1993-07,0.0022081632653061225,0.02978,"Mach, Autos, Guns, Gold, Chips"
1993-08,0.040522448979591834,0.013499999999999998,"Autos, Aero, Guns, Gold, Chips"
1993-09,-0.0014387755102040815,-0.024720000000000006,"Soda, Toys, Guns, Gold, Chips"
1993-10,0.025248979591836737,-0.003000000000000002,"Toys, Fun, Coal, Chips, Fin"
1993-11,-0.006569387755102042,-0.028840000000000005,"Toys, Fun, Hlth, PerSv, Chips"
1993-12,0.03255102040816327,0.0383,"Toys, Hlth, Autos, Guns, Coal"
1994-01,0.033136734693877554,0.048960000000000004,"Soda, Hlth, Autos, Coal, Meals"
1994-02,-0.012142857142857143,-0.004800000000000002,"Hlth, FabPr, Autos, Hardw, Meals"
1994-03,-0.04909591836734693,-0.05724,"Hlth, Autos, Hardw, Softw, Meals"
1994-04,-0.0009938775510204083,-0.04182,"Hlth, Steel, Gold, Mines, Hardw"
1994-05,0.00663061224489796,0.0275,"Hlth, Chems, Aero, Hardw, Boxes"
1994-06,-0.02693877551020408,-0.03812,"Hlth, Chems, Mines, Softw, Banks"
1994-07,0.024077551020408164,0.02552,"Chems, Steel, FabPr, Softw, Banks"
1994-08,0.047895918367346926,0.06446,"Chems, Steel, Softw, Chips, Banks"
1994-09,-0.016083673469387754,-0.016679999999999997,"Smoke, Drugs, Chems, Steel, Banks"
1994-10,0.006712244897959182,-0.02038,"Smoke, MedEq, Drugs, Steel, Paper"
1994-11,-0.041869387755102044,-0.006040000000000001,"MedEq, Drugs, Hardw, Softw, Chips"
1994-12,0.01960612244897959,0.01708,"Food, Beer, Drugs, Hardw, Softw"
1995-01,0.013306122448979591,0.008400000000000001,"Beer, MedEq, Hardw, Softw, Chips"
1995-02,0.03894489795918367,0.04408,"Beer, MedEq, Drugs, Hardw, Softw"
1995-03,0.03342244897959183,0.040220000000000006,"Beer, Fun, Drugs, Hardw, Softw"
1995-04,0.015991836734693874,0.06696,"Fun, Aero, Hardw, Softw, Chips"
1995-05,0.025453061224489794,0.03681999999999999,"Fun, MedEq, Aero, Guns, Chips"
1995-06,0.031332653061224486,0.03986000000000001,"Fun, Aero, Guns, Chips, Banks"
1995-07,0.041975510204081634,0.06966,"Aero, Hardw, Softw, Chips, LabEq"
1995-08,0.009128571428571429,-0.005180000000000001,"Mach, Aero, Hardw, Softw, Chips"
1995-09,0.023459183673469386,0.03438,"MedEq, Aero, Hardw, Softw, Chips"
1995-10,-0.022314285714285714,-0.010280000000000001,"MedEq, Hardw, Chips, Banks, Fin"
1995-11,0.04920612244897958,0.0312,"Agric, MedEq, Drugs, Hardw, Softw"
1995-12,0.015338775510204081,0.02214,"Agric, Soda, MedEq, Drugs, PerSv"
1996-01,0.026230612244897956,0.030980000000000004,"Agric, MedEq, Drugs, Telcm, Insur"
1996-02,0.02287755102040816,-0.0019000000000000002,"MedEq, Drugs, Guns, Gold, Insur"
1996-03,0.019455102040816324,0.007219999999999999,"Agric, Beer, Drugs, Guns, Gold"
1996-04,0.026132653061224486,0.0011799999999999996,"Soda, ElcEq, Aero, Guns, Gold"
1996-05,0.03171020408163265,0.034820000000000004,"Autos, Guns, Gold, Boxes, Rtail"
1996-06,-0.00859387755102041,-0.015820000000000008,"Clths, FabPr, Gold, Coal, RlEst"
1996-07,-0.056110204081632656,-0.0632,"Beer, Clths, FabPr, Coal, Rtail"
1996-08,0.03345714285714286,0.05102,"Soda, Beer, Clths, FabPr, Coal"
1996-09,0.048591836734693875,0.06552000000000001,"Soda, Clths, FabPr, Coal, Rtail"
1996-10,0.0018877551020408164,-0.012960000000000001,"Soda, Clths, FabPr, Ships, Coal"
1996-11,0.057334693877551024,0.061399999999999996,"Food, Soda, ElcEq, Coal, Banks"
1996-12,-0.0013061224489795925,-0.01972,"Food, Soda, ElcEq, Hardw, Banks"
1997-01,0.04504693877551019,0.09196000000000001,"Soda, Aero, Coal, Chips, Banks"
1997-02,0.0067265306122448985,-0.017900000000000003,"Soda, Coal, Hardw, Chips, Banks"
1997-03,-0.04354285714285713,-0.0743,"Soda, Smoke, Coal, Banks, Fin"
1997-04,0.03257755102040816,0.044320000000000005,"Soda, Smoke, Coal, Boxes, Fin"
1997-05,0.06928163265306121,0.05164,"Soda, Beer, Smoke, Coal, Boxes"
1997-06,0.04196122448979592,0.03320000000000001,"Soda, Beer, Smoke, Hshld, Boxes"
1997-07,0.0663734693877551,0.09956000000000001,"Soda, Beer, Drugs, Mach, ElcEq"
1997-08,-0.02614081632653061,-0.046880000000000005,"Soda, Mach, ElcEq, Rtail, Fin"
1997-09,0.0507530612244898,0.03272,"Cnstr, Mach, Hardw, Softw, Chips"
1997-10,-0.048606122448979584,-0.05248,"Mach, Ships, Hardw, Softw, Fin"
1997-11,0.020510204081632653,0.0286,"Soda, Cnstr, Ships, Hardw, Fin"
1997-12,0.014169387755102042,0.050159999999999996,"Agric, Soda, Telcm, Rtail, Fin"
1998-01,-0.005791836734693877,-0.03236,"Soda, Util, Telcm, Banks, Fin"
1998-02,0.07379183673469387,0.0587,"Agric, Fun, Drugs, Util, Telcm"
1998-03,0.047624489795918365,0.0517,"Fun, Books, Drugs, Telcm, Fin"
1998-04,0.010057142857142857,0.022660000000000007,"Soda, Fun, Drugs, Telcm, Rtail"
1998-05,-0.02906530612244898,-0.03244,"Soda, Fun, Telcm, Softw, Fin"
1998-06,0.008683673469387754,0.05434,"Soda, Drugs, Autos, Rtail, Fin"
1998-07,-0.04179591836734693,-0.04276,"Agric, Drugs, Autos, Softw, Rtail"
1998-08,-0.16524489795918365,-0.17632000000000003,"Autos, Hardw, Softw, Rtail, Other"
1998-09,0.050869387755102045,0.07688,"Books, Drugs, Util, Hardw, Rtail"
1998-10,0.08730204081632653,0.03914,"Smoke, Drugs, Util, Hardw, Softw"
1998-11,0.051697959183673474,0.07802,"Smoke, Drugs, Telcm, Hardw, Rtail"
1998-12,0.03183877551020408,0.0976,"Smoke, Drugs, Hardw, Softw, Chips"
1999-01,0.01129591836734694,0.08707999999999999,"Smoke, Telcm, Hardw, Softw, Chips"
1999-02,-0.03550204081632653,-0.06526,"Coal, Telcm, Hardw, Softw, Chips"
1999-03,0.027432653061224485,0.10924000000000002,"Coal, Telcm, Hardw, Softw, Chips"
1999-04,0.09519183673469388,0.06914000000000001,"Coal, Softw, Chips, Rtail, Fin"
1999-05,-0.017281632653061225,-0.03706000000000001,"Cnstr, Coal, Softw, Chips, Fin"
1999-06,0.030832653061224492,-0.029779999999999997,"Cnstr, Coal, Telcm, Softw, Fin"
1999-07,-0.039869387755102036,-0.061180000000000005,"FabPr, Mach, Aero, Coal, Fin"
1999-08,-0.027755102040816323,-0.022600000000000002,"Chems, Mach, Aero, Oil, Paper"
1999-09,-0.03889591836734694,-0.031000000000000003,"Agric, Steel, Oil, Hardw, Chips"
1999-10,0.014963265306122448,-0.014220000000000003,"Steel, Gold, Hardw, Chips, LabEq"
1999-11,0.010826530612244898,0.08938,"ElcEq, Hardw, Softw, Chips, LabEq"
1999-12,0.049655102040816315,0.15292,"ElcEq, Gold, Hardw, Softw, Chips"
2000-01,-0.03406938775510204,0.02926,"ElcEq, Coal, Hardw, Softw, Chips"
2000-02,-0.020953061224489797,0.15302,"Coal, Hardw, Softw, Chips, LabEq"
2000-03,0.0774469387755102,0.015899999999999997,"Coal, Hardw, Softw, Chips, LabEq"
2000-04,-0.0006755102040816323,-0.08392,"Coal, Hardw, Chips, LabEq, Fin"
2000-05,-0.017153061224489792,-0.09386,"Steel, Mach, Hardw, Chips, LabEq"
2000-06,0.005816326530612245,0.03949999999999999,"Fun, Chips, LabEq, Whlsl, Other"
2000-07,0.007342857142857141,-0.05276,"Drugs, Hardw, Chips, LabEq, Other"
2000-08,0.06350408163265306,0.11830000000000002,"Smoke, Hlth, Guns, Hardw, Fin"
2000-09,-0.02623061224489796,0.052980000000000006,"Smoke, Hlth, Guns, Insur, Fin"
2000-10,0.005902040816326531,0.0608,"Smoke, Hlth, Guns, Util, Other"
2000-11,-0.03563469387755101,0.006020000000000001,"Smoke, Hlth, Aero, Guns, Insur"
2000-12,0.05822244897959183,0.13798000000000002,"Soda, Smoke, Hlth, Guns, Coal"
2001-01,0.027736734693877548,-0.056780000000000004,"Smoke, Hlth, Aero, Ships, Coal"
2001-02,-0.034579591836734695,0.05478000000000001,"Smoke, Clths, Hlth, Cnstr, Coal"
2001-03,-0.04891632653061224,-0.009539999999999993,"Soda, Smoke, Hlth, Guns, Coal"
2001-04,0.07026734693877551,0.04684000000000001,"Soda, Smoke, Toys, Cnstr, Coal"
2001-05,0.022673469387755104,-0.01018,"Smoke, Rubbr, Cnstr, Gold, Coal"
2001-06,-0.014906122448979592,-0.012880000000000006,"Smoke, Rubbr, Gold, Coal, PerSv"
2001-07,-0.011930612244897958,-0.009079999999999998,"Toys, Fun, Autos, Gold, PerSv"
2001-08,-0.027830612244897954,0.0028600000000000006,"Hlth, Txtls, Guns, Gold, PerSv"
2001-09,-0.09905510204081633,0.010119999999999999,"Agric, Hlth, Ships, Gold, PerSv"
2001-10,0.037716326530612236,-0.01976,"Hlth, Ships, Guns, Gold, PerSv"
2001-11,0.06335714285714285,-0.004720000000000002,"Food, Hshld, Guns, Gold, PerSv"
2001-12,0.0365469387755102,0.02204,"Food, Hshld, Hlth, MedEq, Guns"
2002-01,0.009340816326530613,0.037720000000000004,"Food, Soda, Txtls, Guns, Boxes"
2002-02,0.01130816326530612,0.0748,"Smoke, Rubbr, Guns, Gold, Boxes"
2002-03,0.05711020408163264,0.06252,"Txtls, Cnstr, Guns, Gold, Boxes"
2002-04,-0.011520408163265303,0.013459999999999998,"Fun, Cnstr, Mach, Aero, Boxes"
2002-05,-0.00443469387755102,-0.0038799999999999963,"Fun, Txtls, Cnstr, Gold, Boxes"
2002-06,-0.051944897959183674,-0.03532000000000001,"Soda, Txtls, Guns, Gold, Boxes"
2002-07,-0.10509795918367346,-0.13944,"Soda, Rubbr, Ships, Guns, Gold"
2002-08,0.009020408163265303,0.07624,"Soda, Beer, Rubbr, Guns, Gold"
2002-09,-0.08617551020408162,-0.04736,"Soda, Beer, Rubbr, Guns, Gold"
2002-10,0.0385,-0.011720000000000001,"Soda, Hshld, Guns, Gold, PerSv"
2002-11,0.059167346938775504,-0.016280000000000003,"Food, Soda, Books, Hshld, PerSv"
2002-12,-0.031308163265306124,-0.09526000000000001,"Fun, Hshld, Hardw, Softw, Fin"
2003-01,-0.038461224489795914,-0.009940000000000001,"Books, MedEq, Drugs, Gold, Telcm"
2003-02,-0.02214489795918367,-0.02048,"Soda, Books, Gold, Coal, Telcm"
2003-03,-0.00014693877551020498,-0.015360000000000002,"MedEq, Coal, Telcm, Hardw, Softw"
2003-04,0.0763142857142857,0.07184,"Toys, Coal, Hardw, Softw, Chips"
2003-05,0.07482244897959184,0.11486000000000002,"Toys, Cnstr, Coal, Hardw, Other"
2003-06,0.01674489795918367,0.02986,"Cnstr, Gold, Coal, Util, RlEst"
2003-07,0.032928571428571425,0.019440000000000002,"Cnstr, Coal, PerSv, Hardw, Chips"
2003-08,0.037889795918367344,0.06864,"Cnstr, Steel, Hardw, Chips, LabEq"
2003-09,-0.01591224489795918,-0.03182,"Ships, Gold, Mines, Chips, LabEq"
2003-10,0.07317755102040815,0.13230000000000003,"Smoke, Cnstr, Gold, Mines, Chips"
2003-11,0.02727959183673469,0.0809,"Smoke, Cnstr, Gold, Mines, Chips"
2003-12,0.05404081632653061,0.032380000000000006,"Cnstr, Steel, Gold, Mines, Chips"
2004-01,0.009653061224489796,-0.03438,"Steel, Autos, Gold, Mines, Chips"
2004-02,0.022657142857142855,0.04644000000000001,"Smoke, Steel, Mines, Coal, Chips"
2004-03,-0.0028979591836734674,0.0015599999999999989,"Smoke, Cnstr, Steel, Mines, Coal"
2004-04,-0.017528571428571428,-0.050280000000000005,"Soda, Cnstr, Steel, Mines, Coal"
2004-05,0.011422448979591836,-0.007119999999999998,"Soda, Smoke, MedEq, Coal, Oil"
2004-06,0.03481836734693877,0.07062,"Soda, Ships, Coal, Oil, Boxes"
2004-07,-0.04260408163265306,-0.05322,"Soda, Hshld, Coal, Oil, Boxes"
2004-08,0.002689795918367347,-0.015520000000000003,"Ships, Guns, Coal, Oil, Boxes"
2004-09,0.02430612244897959,0.04845999999999999,"Aero, Guns, Coal, Oil, RlEst"
2004-10,0.013722448979591836,-0.005959999999999999,"Aero, Ships, Guns, Coal, Oil"
2004-11,0.06500612244897958,0.10094,"Steel, Gold, Coal, Oil, RlEst"
2004-12,0.034036734693877545,0.027180000000000003,"Smoke, Steel, Coal, Oil, RlEst"
2005-01,-0.01851224489795918,0.02924,"Smoke, Cnstr, Coal, Meals, RlEst"
2005-02,0.030157142857142855,0.06794,"Smoke, Cnstr, Coal, RlEst, Fin"
2005-03,-0.018612244897959183,-0.03628,"Smoke, Cnstr, Coal, Oil, RlEst"
2005-04,-0.037806122448979594,-0.022320000000000003,"Smoke, Hlth, Cnstr, Coal, RlEst"
2005-05,0.042130612244897954,0.06972,"Smoke, Hlth, Cnstr, Coal, RlEst"
2005-06,0.009657142857142855,0.048,"Smoke, Hlth, Cnstr, Coal, RlEst"
2005-07,0.04821224489795919,0.06408000000000001,"Hlth, Cnstr, Coal, Oil, RlEst"
2005-08,-0.00850612244897959,0.024020000000000003,"Cnstr, Mines, Coal, Oil, Chips"
2005-09,0.007797959183673471,0.04136,"Cnstr, Ships, Coal, Util, Chips"
2005-10,-0.02753673469387755,-0.08144,"Cnstr, Mines, Coal, Oil, Util"
2005-11,0.04086326530612244,0.02728,"Smoke, Mines, Coal, Insur, Fin"
2005-12,0.00510408163265306,0.0466,"Steel, Gold, Mines, Coal, Fin"
2006-01,0.04493265306122449,0.13814,"Steel, Gold, Mines, Coal, Trans"
2006-02,0.002579591836734694,-0.055900000000000005,"Steel, Gold, Mines, Coal, Fin"
2006-03,0.028263265306122446,0.0634,"Steel, Gold, Mines, Trans, Fin"
2006-04,0.017051020408163267,0.031039999999999998,"Steel, Guns, Mines, Trans, Fin"
2006-05,-0.03138367346938775,-0.06634,"Steel, Mach, Gold, Mines, Coal"
2006-06,-0.0013734693877551019,-0.02218,"Steel, FabPr, Aero, Guns, Coal"
2006-07,-0.015948979591836734,-0.03354,"Soda, Steel, Ships, Mines, Coal"
2006-08,0.01996530612244898,0.01684,"Food, Soda, Smoke, Guns, Telcm"
2006-09,0.013157142857142857,0.0017800000000000003,"Food, Soda, Smoke, Guns, Telcm"
2006-10,0.04427755102040816,0.034460000000000005,"Beer, Smoke, Guns, Util, Telcm"
2006-11,0.030348979591836734,0.024460000000000003,"Smoke, Toys, Guns, Util, Telcm"
2006-12,0.007389795918367347,0.0030800000000000007,"Clths, Guns, Mines, Hardw, Boxes"
2007-01,0.02905102040816326,0.039400000000000004,"Agric, Clths, Guns, Hardw, Boxes"
2007-02,-0.003912244897959183,0.009820000000000002,"Fun, Clths, Mines, Hardw, Boxes"
2007-03,0.010106122448979592,0.03186,"Clths, Steel, Mines, Boxes, RlEst"
2007-04,0.04393061224489796,0.046900000000000004,"Fun, Steel, Mines, Boxes, RlEst"
2007-05,0.04290612244897959,0.0679,"Agric, Steel, Mines, Boxes, RlEst"
2007-06,-0.013116326530612244,-0.015960000000000002,"Txtls, Steel, Mines, Boxes, RlEst"
2007-07,-0.029997959183673466,-0.021300000000000003,"Txtls, Steel, Autos, Mines, Boxes"
2007-08,0.0034061224489795915,-0.00928,"Mach, Aero, Mines, Oil, Boxes"
2007-09,0.04065714285714286,0.10410000000000001,"Agric, Soda, Mach, Mines, Hardw"
2007-10,0.03284285714285714,0.08146000000000002,"Agric, Soda, Aero, Mines, Hardw"
2007-11,-0.044853061224489794,-0.0649,"Agric, Soda, Gold, Mines, Hardw"
2007-12,-0.006287755102040817,0.013080000000000001,"Agric, Soda, Beer, Gold, Mines"
2008-01,-0.05242653061224489,-0.02316,"Agric, Beer, Gold, Coal, Oil"
2008-02,-0.01812857142857143,0.0027199999999999985,"Agric, Smoke, Guns, Gold, Coal"
2008-03,-0.009140816326530611,-0.062240000000000004,"Agric, Gold, Mines, Coal, Oil"
2008-04,0.04631428571428571,0.029799999999999993,"Agric, Smoke, Gold, Coal, Boxes"
2008-05,0.029881632653061225,0.09834000000000001,"Agric, FabPr, Coal, Oil, Boxes"
2008-06,-0.08437551020408163,0.04676,"Agric, Steel, FabPr, Coal, Oil"
2008-07,-0.0032367346938775507,-0.1071,"Agric, FabPr, Mines, Coal, Oil"
2008-08,0.02019387755102041,-0.020520000000000004,"Chems, FabPr, Ships, Coal, LabEq"
2008-09,-0.11203469387755101,-0.20344000000000004,"FabPr, Ships, Guns, Coal, Trans"
2008-10,-0.2101877551020408,-0.14004,"Hshld, Hlth, Drugs, Guns, PerSv"
2008-11,-0.09200408163265307,-0.04984000000000001,"Food, Smoke, Hshld, Drugs, PerSv"
2008-12,0.03997959183673469,0.015320000000000002,"Beer, Smoke, Hshld, Drugs, PerSv"
2009-01,-0.0804938775510204,-0.058,"Beer, Hshld, Drugs, PerSv, Meals"
2009-02,-0.11387959183673468,-0.08958,"Food, Beer, Drugs, PerSv, Meals"
2009-03,0.08908571428571427,0.05806000000000001,"Food, Beer, Drugs, Gold, PerSv"
2009-04,0.17472040816326528,-0.008140000000000003,"Agric, Drugs, Gold, PerSv, Meals"
2009-05,0.0520204081632653,0.08404,"Soda, Autos, Gold, Mines, Boxes"
2009-06,-0.0050775510204081635,-0.06778,"Soda, Gold, Mines, Coal, Fin"
2009-07,0.09766530612244897,0.11678,"Soda, Autos, Coal, Hardw, Fin"
2009-08,0.03888367346938775,0.044180000000000004,"Fun, Txtls, Autos, Mines, Fin"
2009-09,0.050722448979591835,0.06028000000000001,"Fun, Rubbr, Txtls, Autos, RlEst"
2009-10,-0.03989591836734693,-0.09222,"Fun, Txtls, FabPr, Ships, RlEst"
2009-11,0.06318571428571429,0.08298,"Rubbr, Ships, Mines, Coal, Paper"
2009-12,0.0400204081632653,0.03136,"Rubbr, Autos, Mines, Hardw, Paper"
2010-01,-0.03908979591836734,-0.06392,"Books, Txtls, Mines, Coal, RlEst"
2010-02,0.050716326530612234,0.04272000000000001,"Fun, Books, Aero, Coal, RlEst"
2010-03,0.06987755102040816,0.06946,"Toys, Autos, Gold, Coal, RlEst"
2010-04,0.03248979591836734,0.027100000000000003,"Toys, Books, Autos, Aero, RlEst"
2010-05,-0.07912040816326531,-0.10202,"Fun, Txtls, Autos, Ships, RlEst"
2010-06,-0.06400408163265306,-0.11236000000000002,"Soda, Fun, Txtls, Ships, RlEst"
2010-07,0.07572040816326531,0.032940000000000004,"Soda, Toys, Fun, Gold, Meals"
2010-08,-0.05135918367346938,-0.015139999999999997,"Soda, Fun, Mach, Ships, Gold"
2010-09,0.10300204081632652,0.08292000000000001,"Soda, Smoke, Fun, Gold, Meals"
2010-10,0.044393877551020394,0.058480000000000004,"Smoke, Fun, Mach, Gold, Meals"
2010-11,0.016983673469387756,0.017740000000000002,"Soda, Smoke, Fun, Chems, Mines"
2010-12,0.07190612244897959,0.10218000000000002,"Fun, FabPr, Mach, Mines, Coal"
2011-01,0.015771428571428568,0.013999999999999999,"Fun, FabPr, Autos, Mines, Coal"
2011-02,0.03875714285714286,0.028140000000000002,"Fun, FabPr, Mach, Mines, Coal"
2011-03,0.01871020408163265,0.08486,"FabPr, Mach, Ships, Coal, Oil"
2011-04,0.025185714285714284,-0.0175,"Agric, FabPr, Ships, Coal, Oil"
2011-05,-0.00983673469387755,-0.05122,"FabPr, Mach, Ships, Coal, Oil"
2011-06,-0.01354081632653061,0.003519999999999997,"Smoke, Rubbr, FabPr, Ships, PerSv"
2011-07,-0.032334693877551016,-0.03708,"Soda, Smoke, Rubbr, FabPr, Ships"
2011-08,-0.06085714285714285,-0.03810000000000001,"Food, Soda, Smoke, Clths, PerSv"
2011-09,-0.10487346938775509,-0.0438,"Soda, Beer, Smoke, Gold, Meals"
2011-10,0.13778367346938775,0.08274000000000001,"Soda, Smoke, Clths, Gold, Util"
2011-11,0.002432653061224489,0.01872,"Smoke, Clths, Gold, Util, Meals"
2011-12,-0.0042448979591836735,-0.031279999999999995,"Smoke, Clths, FabPr, Gold, Meals"
2012-01,0.06579387755102041,0.010440000000000001,"Smoke, Gold, Util, Rtail, Meals"
2012-02,0.035422448979591833,0.03286,"Agric, Smoke, Drugs, Guns, Meals"
2012-03,0.0197734693877551,0.025300000000000003,"Smoke, Clths, Cnstr, Ships, Hardw"
2012-04,-0.008667346938775508,-0.0030199999999999992,"BldMt, Cnstr, FabPr, Ships, RlEst"
2012-05,-0.06912857142857143,-0.06868,"Smoke, Cnstr, Hardw, Banks, RlEst"
2012-06,0.03412244897959184,0.03046,"Soda, Txtls, Hardw, Banks, RlEst"
2012-07,-0.006046938775510204,-0.0079,"Soda, Hlth, Cnstr, Hardw, RlEst"
2012-08,0.03370612244897959,-0.01042,"Soda, Beer, Smoke, Telcm, Rtail"
2012-09,0.0320469387755102,0.028960000000000007,"Agric, Beer, Drugs, Telcm, Rtail"
2012-10,-0.002291836734693879,-0.021560000000000003,"Agric, Hlth, Drugs, Cnstr, Telcm"
2012-11,0.010920408163265304,-0.010360000000000005,"Agric, Txtls, Cnstr, Gold, Telcm"
2012-12,0.021279591836734692,0.033560000000000006,"Hlth, Txtls, Cnstr, Ships, Mines"
2013-01,0.05611428571428571,0.07356,"Txtls, BldMt, Cnstr, ElcEq, Autos"
2013-02,0.01166122448979592,0.00892,"Fun, Txtls, BldMt, Cnstr, Fin"
2013-03,0.04608367346938775,0.05782,"Fun, Txtls, BldMt, Ships, Fin"
2013-04,0.0032061224489795914,0.005239999999999998,"Fun, Txtls, Ships, PerSv, Fin"
2013-05,0.028424489795918367,0.0568,"Fun, Txtls, FabPr, Ships, PerSv"
2013-06,-0.02054285714285714,-0.023200000000000002,"Fun, Txtls, FabPr, PerSv, Fin"
2013-07,0.054995918367346935,0.09140000000000001,"Fun, Txtls, FabPr, PerSv, Fin"
2013-08,-0.0229469387755102,-0.01734,"Txtls, FabPr, Autos, Aero, Guns"
2013-09,0.044704081632653055,0.07963999999999999,"Fun, Txtls, FabPr, Autos, Guns"
2013-10,0.04419387755102041,0.017480000000000002,"Fun, FabPr, Autos, Aero, Guns"
2013-11,0.024973469387755097,0.03684,"Txtls, FabPr, Autos, Aero, Guns"
2013-12,0.03258163265306122,0.051800000000000006,"Fun, Txtls, Aero, Ships, Guns"
2014-01,-0.0363938775510204,-0.008660000000000001,"Fun, Txtls, Ships, Guns, Coal"
2014-02,0.04914081632653061,0.07970000000000001,"Fun, Ships, Guns, Softw, LabEq"
2014-03,0.0031061224489795924,-0.019260000000000003,"Fun, Books, Ships, Guns, LabEq"
2014-04,-0.0008714285714285711,0.00544,"Steel, Ships, Guns, PerSv, Trans"
2014-05,0.01619795918367347,0.026660000000000003,"Ships, Guns, Util, Hardw, Chips"
2014-06,0.030561224489795914,0.02374,"Ships, Guns, Util, Hardw, Chips"
2014-07,-0.033171428571428574,-0.00874,"Beer, Hlth, Ships, Util, Chips"
2014-08,0.04443061224489796,0.045380000000000004,"Hlth, Ships, Mines, Oil, Chips"
2014-09,-0.0336469387755102,-0.022060000000000003,"Beer, Hlth, Steel, Ships, Chips"
2014-10,0.01930612244897959,0.006920000000000001,"Soda, Hlth, Txtls, Ships, Chips"
2014-11,0.025589795918367346,0.03816,"Hlth, MedEq, Drugs, Chips, Trans"
2014-12,-0.007016326530612245,-0.007380000000000001,"Clths, Drugs, Txtls, Chips, Trans"
2015-01,-0.027573469387755102,-0.024280000000000003,"Clths, Hlth, Guns, Trans, Rtail"
2015-02,0.06982653061224489,0.06186,"MedEq, Drugs, Txtls, Trans, Rtail"
2015-03,-0.01699591836734694,0.01862,"Clths, MedEq, Txtls, Guns, Rtail"
2015-04,0.003942857142857142,-0.034280000000000005,"MedEq, Rubbr, Txtls, Boxes, Rtail"
2015-05,0.006520408163265306,0.021040000000000003,"Rubbr, Txtls, Gold, Rtail, Meals"
2015-06,-0.0218,-0.003920000000000003,"Hlth, Drugs, Txtls, Gold, Insur"
2015-07,-0.005702040816326529,-0.04039999999999999,"Hlth, Drugs, Txtls, Gold, Insur"
2015-08,-0.04928367346938775,-0.058260000000000006,"Fun, Hlth, Txtls, Banks, Insur"
2015-09,-0.0498938775510204,-0.04152000000000001,"Food, Fun, Clths, Hlth, Guns"
2015-10,0.06630612244897958,0.0634,"Soda, Beer, Smoke, Clths, Guns"
2015-11,0.005851020408163265,0.0014400000000000012,"Soda, Beer, Smoke, Guns, Softw"
2015-12,-0.027887755102040813,0.0027600000000000003,"Soda, Beer, Smoke, Guns, Softw"
2016-01,-0.05610612244897959,-0.00754,"Soda, Beer, Smoke, Guns, Softw"
2016-02,0.025234693877551017,0.06588000000000001,"Soda, Beer, Smoke, Guns, Gold"
2016-03,0.0790530612244898,0.05078,"Soda, Beer, Smoke, Guns, Gold"
2016-04,0.028261224489795917,0.06028,"Smoke, Toys, Rubbr, Gold, Other"
2016-05,0.00793061224489796,-0.04732,"Steel, FabPr, Gold, Mines, Coal"
2016-06,0.006461224489795918,0.043480000000000005,"Agric, FabPr, Gold, Mines, Coal"
2016-07,0.04892244897959183,0.09492000000000002,"FabPr, Gold, Mines, Coal, Util"
2016-08,-0.0015571428571428561,-0.06014,"Steel, FabPr, Gold, Mines, Coal"
2016-09,-0.0006775510204081629,0.031259999999999996,"Steel, FabPr, Gold, Coal, Boxes"
2016-10,-0.026163265306122452,-0.059879999999999996,"MedEq, Mach, Gold, Coal, Boxes"
2016-11,0.059640816326530614,0.05360000000000001,"Fun, Coal, Hardw, Softw, Chips"
2016-12,0.010459183673469387,-0.026660000000000003,"Steel, Mach, Ships, Mines, Coal"
2017-01,0.027136734693877552,0.003360000000000002,"Steel, Coal, Trans, Banks, Fin"
2017-02,0.028346938775510203,0.00494,"Fun, Mach, Mines, Banks, Fin"
2017-03,0.003583673469387755,-0.03182,"Steel, Mines, Trans, Banks, Fin"
2017-04,0.01143469387755102,-0.00026000000000000177,"Steel, FabPr, Mines, Banks, Fin"
2017-05,0.009110204081632652,0.0018200000000000022,"Txtls, Steel, FabPr, Mach, RlEst"
2017-06,0.012620408163265305,0.0006800000000000009,"Smoke, MedEq, Chips, LabEq, RlEst"
2017-07,0.01623469387755102,0.0085,"Smoke, Fun, MedEq, LabEq, RlEst"
2017-08,-0.0017081632653061227,0.0038599999999999997,"Fun, MedEq, Aero, Softw, RlEst"
2017-09,0.02733877551020408,0.026660000000000003,"Fun, Aero, Guns, PerSv, Softw"
2017-10,0.018779591836734694,0.0292,"Fun, Mach, Aero, Guns, LabEq"
2017-11,0.03663061224489796,0.04254000000000001,"Cnstr, FabPr, Mach, Aero, Chips"
2017-12,0.01616326530612245,0.03214,"Cnstr, FabPr, Aero, Coal, Fin"
2018-01,0.044726530612244894,0.0396,"Cnstr, FabPr, Aero, Mines, Coal"
2018-02,-0.03729183673469388,-0.016100000000000003,"Fun, Cnstr, Aero, Coal, Rtail"
2018-03,-0.01427755102040816,-0.037180000000000005,"Fun, Aero, Coal, Hardw, Rtail"
2018-04,-0.005565306122448979,0.0196,"Fun, Clths, Coal, Hardw, Rtail"
2018-05,0.021034693877551018,0.05008,"Fun, Clths, Coal, Hardw, Rtail"
2018-06,0.0048306122448979584,0.024399999999999998,"Fun, Clths, Hlth, Steel, Coal"
2018-07,0.030973469387755102,0.0007400000000000011,"Fun, Clths, Hlth, MedEq, Coal"
2018-08,0.009410204081632652,0.03454,"Clths, Hlth, MedEq, FabPr, Ships"
2018-09,-0.000530612244897959,0.015059999999999999,"Clths, Hlth, MedEq, FabPr, Rtail"
2018-10,-0.07823877551020407,-0.10692,"Toys, Clths, Hlth, MedEq, Rtail"
2018-11,0.02044897959183673,-0.008140000000000001,"Soda, Smoke, Hlth, Telcm, Chips"
2018-12,-0.09810816326530611,-0.08990000000000001,"Soda, Hshld, Hlth, Drugs, Telcm"
2019-01,0.09589387755102038,0.048620000000000003,"Soda, Hshld, Drugs, Telcm, Meals"
2019-02,0.03972040816326531,0.0349,"Soda, Hshld, Util, Hardw, Meals"
2019-03,0.0017285714285714309,0.005480000000000004,"Hshld, FabPr, Aero, Gold, Meals"
2019-04,0.03441836734693877,-0.0019000000000000015,"Hshld, Gold, Util, LabEq, Meals"
2019-05,-0.07042244897959184,-0.07602,"Fun, Hshld, Mach, Softw, LabEq"
2019-06,0.08300612244897959,0.06358,"Fun, Cnstr, Guns, BusSv, Softw"
2019-07,0.004940816326530611,0.02078,"Toys, Guns, Mines, BusSv, LabEq"
2019-08,-0.030612244897959183,0.01122,"Toys, Guns, BusSv, Chips, Meals"
2019-09,0.01827142857142857,-0.012780000000000003,"Soda, Toys, Hshld, Guns, Meals"
2019-10,0.013351020408163264,0.004900000000000001,"Soda, Toys, Hshld, Cnstr, Guns"
2019-11,0.030210204081632653,0.029560000000000003,"Toys, Cnstr, Guns, Gold, Chips"
2019-12,0.03090408163265306,0.043800000000000006,"Toys, BldMt, Autos, Chips, RlEst"
2020-01,-0.017944897959183675,0.01618,"Toys, Autos, Gold, Chips, RlEst"
2020-02,-0.08608367346938776,-0.07746,"Cnstr, Autos, Guns, Gold, Chips"
2020-03,-0.17485306122448976,-0.13626,"Fun, Hlth, Autos, Gold, Chips"
2020-04,0.13450204081632652,0.15388000000000002,"Smoke, Drugs, Gold, Softw, Chips"
2020-05,0.056497959183673466,0.04886,"Drugs, Autos, Gold, Softw, Rtail"
2020-06,0.020016326530612243,0.08232,"Autos, Gold, Softw, Chips, Rtail"
2020-07,0.06021020408163265,0.12208000000000002,"Autos, Gold, Softw, Chips, Rtail"
2020-08,0.06521020408163265,0.1521,"Rubbr, Autos, Gold, Chips, Rtail"
2020-09,-0.01730612244897959,-0.05902,"Rubbr, Autos, Gold, Chips, Rtail"
2020-10,-0.00870204081632653,0.021180000000000004,"Toys, Cnstr, FabPr, ElcEq, Autos"
2020-11,0.14356734693877551,0.21866000000000002,"Toys, FabPr, ElcEq, Autos, Mines"
2020-12,0.05902244897959184,0.12224000000000002,"Toys, FabPr, ElcEq, Autos, Mines"
2021-01,-0.0030224489795918374,0.05136,"Toys, FabPr, Autos, Mines, RlEst"
2021-02,0.05383877551020407,0.07464000000000001,"Toys, Txtls, FabPr, Autos, Mines"
2021-03,0.04850612244897959,-0.00846,"Toys, Txtls, FabPr, Mines, RlEst"
2021-04,0.04077142857142856,0.04862,"Txtls, Steel, FabPr, Oil, RlEst"
2021-05,0.023595918367346935,0.04224,"Books, Txtls, Steel, FabPr, Oil"
2021-06,0.0018591836734693885,-0.01812,"Txtls, Steel, Mines, Coal, Oil"
2021-07,0.011895918367346938,0.03484000000000001,"Txtls, Steel, Coal, Oil, Fin"
2021-08,0.021948979591836733,0.0612,"Txtls, Steel, Coal, Oil, Fin"
2021-09,-0.041244897959183666,-0.03812,"Rubbr, Steel, Coal, Hardw, Fin"
2021-10,0.05445510204081632,0.03624,"Rubbr, FabPr, Coal, Softw, LabEq"
2021-11,-0.030291836734693878,-0.0581,"Autos, Coal, Oil, Softw, Fin"
2021-12,0.055453061224489786,0.027660000000000004,"Clths, Autos, Coal, Chips, LabEq"
2022-01,-0.060179591836734686,-0.06442,"Hshld, Autos, Coal, Hardw, Chips"
2022-02,0.009910204081632651,0.08446000000000001,"Agric, Autos, Coal, Oil, Chips"
2022-03,0.03314081632653061,0.10894000000000001,"Agric, Guns, Mines, Coal, Oil"
2022-04,-0.06617755102040816,-0.0497,"Steel, Gold, Mines, Coal, Oil"
2022-05,-0.0032816326530612236,0.02064,"Agric, Steel, Gold, Coal, Oil"
2022-06,-0.09025510204081631,-0.10932000000000001,"Agric, Smoke, Guns, Coal, Oil"
2022-07,0.09039999999999998,0.044340000000000004,"Agric, Soda, Guns, Coal, Oil"
2022-08,-0.032216326530612245,0.04054000000000001,"Agric, Steel, FabPr, Coal, Oil"
2022-09,-0.094034693877551,-0.08636,"Agric, FabPr, Coal, Oil, Util"
2022-10,0.09807959183673469,0.15158,"Agric, Beer, FabPr, Coal, Oil"
2022-11,0.06096530612244897,-0.018399999999999996,"Agric, FabPr, Guns, Coal, Oil"
2022-12,-0.05265102040816325,-0.04782,"Fun, Aero, Guns, Coal, Meals"
2023-01,0.08063061224489794,0.14964,"Fun, Cnstr, Steel, Mines, Oil"
2023-02,-0.02407755102040816,-0.043859999999999996,"Fun, Steel, Gold, Mines, Coal"
2023-03,0.0035204081632653063,-0.003519999999999998,"Fun, Cnstr, Steel, Mach, Mines"
2023-04,0.0022081632653061234,0.0003599999999999979,"Fun, Clths, Cnstr, Steel, Mines"
2023-05,-0.038832653061224486,-0.011440000000000002,"Fun, Clths, Cnstr, Mines, Softw"
2023-06,0.09519795918367346,0.10122,"Fun, Rubbr, Cnstr, Softw, Chips"
2023-07,0.03456326530612245,0.032560000000000006,"Fun, Cnstr, Autos, Softw, Chips"
2023-08,-0.02387959183673469,-0.022260000000000002,"BldMt, Cnstr, Autos, Softw, Chips"
2023-09,-0.048618367346938765,-0.06586000000000002,"Cnstr, FabPr, Hardw, Softw, Chips"
2023-10,-0.042022448979591835,-0.11462,"BldMt, FabPr, Autos, Coal, Softw"
2023-11,0.08649387755102039,0.09802000000000002,"Autos, Coal, Hardw, Softw, Insur"
2023-12,0.06578367346938775,0.08374,"BldMt, Steel, FabPr, Ships, Coal"
2024-01,-0.012853061224489796,0.007319999999999999,"Books, Cnstr, Coal, Banks, Fin"
2024-02,0.04782653061224489,0.01566,"Books, Steel, Coal, Softw, Banks"
2024-03,0.04566530612244897,0.037840000000000006,"BldMt, Cnstr, Ships, Coal, Banks"
2024-04,-0.03906122448979591,-0.06478,"Fun, Txtls, BldMt, Cnstr, Mines"
2024-05,0.03666938775510204,0.029740000000000003,"BldMt, Cnstr, Ships, Mines, Banks"
2024-06,-0.013397959183673466,-0.030780000000000005,"Txtls, Cnstr, Ships, Mines, Chips"
2024-07,0.05776122448979591,-0.021159999999999998,"Fun, Hardw, Softw, Chips, Rtail"
2024-08,0.01477755102040816,-0.009559999999999997,"Txtls, Cnstr, FabPr, Gold, Chips"
2024-09,0.024785714285714286,0.02688,"Smoke, Guns, Gold, Util, Chips"
2024-10,-0.019912244897959185,-0.021460000000000003,"Smoke, Autos, Guns, Gold, Chips"
2024-11,0.07467959183673469,0.11684,"Smoke, Fun, Autos, Chips, RlEst"
2024-12,-0.06657755102040816,-0.03814,"Smoke, Autos, Guns, RlEst, Fin"
2025-01,0.040253061224489795,0.051120000000000006,"Fun, Autos, Guns, RlEst, Fin"
2025-02,-0.020381632653061223,-0.06928000000000001,"Fun, Autos, Rtail, Banks, Fin"
2025-03,-0.038461224489795914,-0.06392,"Smoke, Fun, FabPr, Autos, Telcm"
2025-04,-0.00997755102040816,0.024699999999999996,"Smoke, Fun, Telcm, Banks, Other"
2025-05,0.049638775510204076,0.02688,"Soda, Smoke, Fun, Gold, Other"
2025-06,0.037979591836734695,0.05412,"Soda, Smoke, Fun, Aero, Gold"
2025-07,0.012332653061224491,-0.012579999999999994,"Agric, Smoke, Fun, Aero, Gold"
2025-08,0.04367551020408163,0.06584000000000001,"Smoke, ElcEq, Aero, Gold, Chips"
2025-09,0.015532653061224486,0.10612,"Cnstr, ElcEq, Aero, Gold, Coal"
2025-10,-0.0038326530612244896,0.05244000000000001,"ElcEq, Autos, Gold, Coal, Chips"
2025-11,0.019314285714285714,-0.014079999999999999,"ElcEq, Autos, Gold, Hardw, Chips"
2025-12,0.0063653061224489774,0.04478,"Steel, ElcEq, Gold, Coal, Chips"
2026-01,0.05087142857142857,0.05752,"Drugs, Steel, Autos, Gold, Coal"
2026-02,0.03863877551020408,0.0635,"Steel, Mach, Gold, Mines, Coal"
2026-03,-0.06529999999999998,-0.11510000000000001,"Steel, Mach, Ships, Gold, Mines"
2026-04,0.05289795918367347,0.07044,"Steel, Mach, Ships, Gold, Oil"
2026-05,0.015522448979591834,0.06772,"Steel, Mach, Gold, Oil, Hardw"
2026-06,0.02508367346938775,0.038900000000000004,"Steel, Mach, ElcEq, Guns, Hardw"
2026-07,-0.007993877551020408,-0.15752,"Cnstr, Steel, Mach, ElcEq, Hardw"
2026-08,0.02168367346938775,0.01626,"Rubbr, Mach, Oil, Hardw, Chips"
