horizon,statistic,FF49 EW: momentum,FF49 EW: random,FF49 VW: momentum,FF49 VW: random,FF12 EW: momentum,FF12 EW: random,FF12 VW: momentum,FF12 VW: random,VW market
1-year,mean,0.2058942250069034,0.17111937620680423,0.1160851830398202,0.1325198794372009,0.2598023033767056,0.16757618128403554,0.16529137584676634,0.12527987586452913,0.11798015397175546
1-year,median,0.1810077688138535,0.1399325840716008,0.09710220447978424,0.1225997393212751,0.20081631298828118,0.16042392101956282,0.1592105570600515,0.13173419350576232,0.1428518628934572
1-year,skew,0.9495495548936268,1.7533930631301384,0.3167352859003488,1.3159931097962732,0.33467315454571195,0.49299915897257013,0.2935974645345097,0.06475855860099515,-0.41592724494697997
1-year,pct_positive,0.6777777777777778,0.6774872222222222,0.6333333333333333,0.6866616666666666,0.8111111111111111,0.6937805555555555,0.7666666666666667,0.7236283333333333,0.7555555555555555
1-year,pct_above_tbill,0.6666666666666666,0.6359233333333333,0.5888888888888889,0.6364372222222222,0.7444444444444445,0.6567583333333333,0.7333333333333333,0.6675983333333333,0.7
1-year,pct_above_vw,0.5444444444444444,0.5169138888888889,0.4777777777777778,0.48968666666666666,0.7111111111111111,0.5446833333333333,0.6666666666666666,0.5042172222222222,
10-year,mean,6.13311369045648,2.661246683355399,1.5563422901842165,1.9525148782534056,8.766002190132518,2.6090350538730225,3.201048204941122,1.8991824325667792,1.745467597217227
10-year,median,4.449255692830696,2.0225099171186853,1.0707941261969478,1.5887179752114502,6.484167208857289,2.2598538016150806,3.4740255754801295,1.6483132125188003,1.2822776380352723
10-year,skew,1.2816705232465782,3.5163353224400775,1.681131424979945,2.6328610372261556,0.9504213177361432,1.5565291298495896,0.21443936424716015,0.9795010640166937,0.6622879532858437
10-year,pct_positive,0.7777777777777778,0.9564333333333334,0.8888888888888888,0.9069833333333334,1.0,0.9929444444444444,1.0,0.9792944444444445,1.0
10-year,pct_above_tbill,0.7777777777777778,0.9019166666666667,0.7777777777777778,0.8229388888888889,1.0,0.9765722222222222,1.0,0.91485,1.0
10-year,pct_above_vw,0.6666666666666666,0.5957944444444444,0.3333333333333333,0.46371666666666667,1.0,0.6969833333333333,0.8888888888888888,0.5175333333333333,
full period,mean,33319.14191247716,70981.0754723333,111.86389146305694,10900.663465635575,39337329.42894656,65924.6733977181,136821.29118170185,9255.339855151895,4714.09179101641
full period,median,33319.14191247716,19429.371241961642,111.86389146305694,2967.2013877115924,39337329.42894656,38765.45387331746,136821.29118170185,5573.468157867144,4714.09179101641
full period,skew,,17.15685159975679,,16.76670384854838,,5.7416924408326215,,4.973991438504597,
full period,pct_positive,1.0,1.0,1.0,1.0,1.0,1.0,1.0,1.0,1.0
full period,pct_above_tbill,1.0,1.0,1.0,0.9988,1.0,1.0,1.0,1.0,1.0
full period,pct_above_vw,1.0,0.81535,0.0,0.39025,1.0,0.98095,1.0,0.5641,
rolling 10-year,mean,7.323774500138835,3.0694766155588202,2.062326247267912,2.222334503192875,10.149443919917086,3.004881634797277,3.094423707970553,2.1090353236407333,1.948279027898533
rolling 10-year,median,4.053683986508042,2.314519728968981,1.5984528194843164,1.8162909772332607,8.010410610316882,2.5542441190741467,2.9386514458580324,1.8528644037232025,1.667817885280222
rolling 10-year,skew,2.90721632862752,3.574392290971239,0.9032719789533759,2.049885702191224,1.5313647281551357,1.7040306062604649,0.5286996331994983,0.9649267097620012,0.27280598738997885
rolling 10-year,pct_positive,0.8692946058091287,0.9519398858921162,0.8713692946058091,0.9029540975103735,0.9688796680497925,0.9759310165975104,0.975103734439834,0.9444349066390042,0.9481327800829875
rolling 10-year,pct_above_tbill,0.8620331950207469,0.8758482365145228,0.7230290456431535,0.8055762966804979,0.966804979253112,0.930146265560166,0.941908713692946,0.8491075726141079,0.8485477178423236
rolling 10-year,pct_above_vw,0.696058091286307,0.6170119813278009,0.46473029045643155,0.4834094398340249,0.946058091286307,0.7077467842323651,0.8392116182572614,0.5177049273858921,
