kind,n_windows,n_paths,n_obs,mean,sd,median,skew,pct_positive,pct_above_tbill,pct_above_vw,basis,se_pct_positive,se_pct_above_tbill,se_pct_above_vw,universe,weighting
year,90,20000,1800000,0.17111937620680423,0.37243750828647276,0.13993258407160059,1.7533930631301384,0.6774872222222222,0.6359233333333333,0.5169138888888889,across paths and windows,0.00022445182987711453,0.00023090683399946033,0.0003130131097863924,ff49,ew
decade,9,20000,180000,2.6858863824676895,2.6684831569989163,2.0340156590459966,3.7103667021750883,0.9577222222222223,0.9033611111111111,0.5954,across paths and windows,0.00045592435952133373,0.0006585878914787829,0.001001390715054584,ff49,ew
full,1,20000,20000,75732.4341887139,247810.33204395577,20511.213969952085,23.321413399280036,1.0,1.0,0.8123,across paths,0.0,0.0,0.0027610569534147603,ff49,ew
rolling120,967,20000,19340000,3.065404944171913,3.1000808851387767,2.310503288465225,3.575456016223275,0.9513260082730093,0.8752607549120993,0.616788728024819,across paths and windows,,,,ff49,ew
year,90,20000,1800000,0.1325198794372009,0.3014154007952199,0.1225997393212751,1.3159931097962736,0.6866616666666666,0.6364372222222222,0.48968666666666666,across paths and windows,0.00025269822304284676,0.00026315606325247987,0.000359657095005304,ff49,vw
decade,9,20000,180000,1.9698316447042261,1.9104443000882432,1.6005239348889309,2.7718432728687827,0.90975,0.8257055555555556,0.4638555555555556,across paths and windows,0.0006298606192574338,0.00079298795294665,0.0011454851969448375,ff49,vw
full,1,20000,20000,11735.323887510693,38231.32953693069,3172.618581489046,15.82056823032026,1.0,0.99895,0.39215,across paths,0.0,0.00022900846054239955,0.00345230631245259,ff49,vw
rolling120,967,20000,19340000,2.2178909387406525,2.1245922494530416,1.811552831015995,2.058560679000883,0.9019499482936918,0.80462683557394,0.48301949327817995,across paths and windows,,,,ff49,vw
year,90,20000,1800000,0.16757618128403554,0.31307178355394794,0.16042392101956282,0.49299915897257013,0.6937805555555555,0.6567583333333333,0.5446833333333333,across paths and windows,0.00018772075239469296,0.00018806255415337566,0.0002892314526102103,ff12,ew
decade,9,20000,180000,2.622860859885526,1.7813627588356256,2.2727765103164757,1.5570047585741869,0.9932166666666666,0.9772055555555555,0.6949944444444445,across paths and windows,0.00019101548398875107,0.00034573541451788216,0.000872419920093133,ff12,ew
full,1,20000,20000,68549.63258931352,92945.6529504763,40415.834586945595,5.749841147282116,1.0,1.0,0.97965,across paths,0.0,0.0,0.0009983956505313907,ff12,ew
rolling120,967,20000,19340000,3.0004724828085374,2.2939460173894006,2.549774207717288,1.7052261634732842,0.9758898655635988,0.9301122026887281,0.707917373319545,across paths and windows,,,,ff12,ew
year,90,20000,1800000,0.1252798758645291,0.2300449495117748,0.13173419350576154,0.06475855860099569,0.7236283333333333,0.6675983333333333,0.5042172222222222,across paths and windows,0.00021295857842910015,0.00022268390385016742,0.00036601019602693996,ff12,vw
decade,9,20000,180000,1.9173110323989124,1.3480077569047517,1.6680959320254336,0.9905871988843173,0.9816444444444444,0.9179944444444444,0.5181055555555556,across paths and windows,0.00031166963753783105,0.0005878380653286947,0.001152479295360471,ff12,vw
full,1,20000,20000,9945.27125302405,12852.140150800347,5969.429532201895,4.908200805004207,1.0,1.0,0.56745,across paths,0.0,0.0,0.0035032163614313063,ff12,vw
rolling120,967,20000,19340000,2.1056176495722814,1.6378117136997137,1.8485115504531364,0.9666161736292017,0.9442257497414684,0.8489204756980352,0.5178449844881076,across paths and windows,,,,ff12,vw
