kind,n_windows,n_paths,n_obs,mean,sd,median,skew,pct_positive,pct_above_tbill,pct_above_vw,basis,universe,weighting
year,90,1,90,0.2058942250069034,0.4499754042285874,0.1810077688138535,0.9495495548936268,0.6777777777777778,0.6666666666666666,0.5444444444444444,across historical windows,ff49,ew
decade,9,1,9,6.13311369045648,7.368576638392646,4.449255692830696,1.2816705232465782,0.7777777777777778,0.7777777777777778,0.6666666666666666,across historical windows,ff49,ew
full,1,1,1,33319.14191247716,,33319.14191247716,,1.0,1.0,1.0,single realization,ff49,ew
rolling120,964,1,964,7.323774500138835,9.560516628887392,4.053683986508042,2.90721632862752,0.8692946058091287,0.8620331950207469,0.696058091286307,across historical windows,ff49,ew
year,90,1,90,0.1160851830398202,0.3483207329432484,0.09710220447978424,0.3167352859003488,0.6333333333333333,0.5888888888888889,0.4777777777777778,across historical windows,ff49,vw
decade,9,1,9,1.5563422901842165,2.286030026496215,1.0707941261969478,1.681131424979945,0.8888888888888888,0.7777777777777778,0.3333333333333333,across historical windows,ff49,vw
full,1,1,1,111.86389146305694,,111.86389146305694,,1.0,1.0,0.0,single realization,ff49,vw
rolling120,964,1,964,2.062326247267912,2.2158268468478184,1.5984528194843164,0.9032719789533759,0.8713692946058091,0.7230290456431535,0.46473029045643155,across historical windows,ff49,vw
year,90,1,90,0.2598023033767056,0.33612453723336533,0.20081631298828118,0.33467315454571195,0.8111111111111111,0.7444444444444445,0.7111111111111111,across historical windows,ff12,ew
decade,9,1,9,8.766002190132518,8.183832809907184,6.484167208857289,0.9504213177361432,1.0,1.0,1.0,across historical windows,ff12,ew
full,1,1,1,39337329.42894656,,39337329.42894656,,1.0,1.0,1.0,single realization,ff12,ew
rolling120,964,1,964,10.149443919917086,8.733633466129577,8.010410610316882,1.5313647281551357,0.9688796680497925,0.966804979253112,0.946058091286307,across historical windows,ff12,ew
year,90,1,90,0.16529137584676634,0.23885208513948386,0.1592105570600515,0.2935974645345097,0.7666666666666667,0.7333333333333333,0.6666666666666666,across historical windows,ff12,vw
decade,9,1,9,3.201048204941122,2.0650608969326028,3.4740255754801295,0.21443936424716015,1.0,1.0,0.8888888888888888,across historical windows,ff12,vw
full,1,1,1,136821.29118170185,,136821.29118170185,,1.0,1.0,1.0,single realization,ff12,vw
rolling120,964,1,964,3.094423707970553,1.9964178728661923,2.9386514458580324,0.5286996331994983,0.975103734439834,0.941908713692946,0.8392116182572614,across historical windows,ff12,vw
