horizon (years),monthly sigma,population mean,"sample mean, lowest seed","sample mean, highest seed",population sd,"sample sd / population sd, lowest","sample sd / population sd, highest",population skewness,"sample skewness, lowest","sample skewness, highest","median, lowest seed","median, highest seed",mean/sd check
10.0,0.08,0.8193967340322901,0.8160215555684719,0.824285820992812,1.9374291135736728,0.9926732820468651,1.0039303721981405,4.288569006179493,3.9920323382650627,4.29056116983178,0.2395624990283094,0.2507538602812057,pass
10.0,0.12,0.8193967340322901,0.8132837022733592,0.8296507307003144,3.845434077143546,0.9772206893092948,0.9979323927439143,14.604545624988384,9.80548350664497,13.403778215534263,-0.2382001447608555,-0.22804949271720315,diagnostic only
10.0,0.16,0.8193967340322901,0.8025738406708915,0.8337492757273921,7.963480692955635,0.9003474041338635,0.9978866745122686,77.9661234236109,22.349927873542438,54.70561898422495,-0.6236709250477872,-0.6167288436153658,diagnostic only
10.0,0.2,0.8193967340322901,0.7833548813459058,0.825445795838538,18.617198665892857,0.7188185033644786,0.9558041495095316,661.5422283015228,46.45000582855957,185.51596447954512,-0.854037999670211,-0.8507830414789458,diagnostic only
15.0,0.08,1.4540935622471665,1.4501150068241226,1.457950905644652,3.5709385497881962,0.9912091790008887,0.9990129747515942,7.238740836630944,6.323838962062417,7.237448063715668,0.3834128771627653,0.3897105801414734,pass
15.0,0.12,1.4540935622471665,1.4430126094156133,1.4542289636211554,8.424174437793965,0.9449700820546861,1.002555309724761,45.56545172861617,18.308771046566886,32.07191207683329,-0.3342956756517566,-0.33058822039374985,diagnostic only
15.0,0.16,1.4540935622471665,1.4217736300432766,1.4529723615040493,23.21745860275963,0.7546867131195941,0.9603056748872066,632.3537672734464,41.46683165129001,94.01086107821354,-0.7690194455190001,-0.7669723077121864,diagnostic only
15.0,0.2,1.4540935622471665,1.3592754131856934,1.4715541685347773,80.86631282755322,0.4443803302259737,0.7430307254837001,16689.18469583266,76.1354800161276,171.32658965454405,-0.9444697870782581,-0.9437163803235695,diagnostic only
20.0,0.08,2.310204475807364,2.298423240790277,2.3261640242694526,6.240218426636054,0.9752998287474781,0.9963476019904977,11.959763218182946,9.035009146078098,10.339091529329034,0.5394524800240885,0.5480780488429372,diagnostic only
20.0,0.12,2.310204475807364,2.2682931138105635,2.3298182383397417,17.79225965459551,0.8603158045563103,0.9340855571998768,148.79727854199768,30.625757497976544,44.64883425644005,-0.4213275333354432,-0.4168210719304014,diagnostic only
20.0,0.16,2.310204475807364,2.176872744609609,2.3023778082260966,66.64507233165645,0.5590612464541918,0.6802512752218551,5331.474116256569,72.96728994372646,115.44169437688879,-0.8594273630450904,-0.8577466775605261,diagnostic only
20.0,0.2,2.310204475807364,1.927875195523831,2.2191049450366123,349.8946327723369,0.21677788649411545,0.305196581185108,425770.28629962425,127.24074918830112,181.54441175939752,-0.9791096625073503,-0.9787551711028134,diagnostic only
