horizon,statistic,FF49 EW,FF49 VW,FF12 EW,FF12 VW,"paper, 1 stock","paper, 5 stocks","paper, 25 stocks","paper, 50 stocks","paper, 100 stocks"
1-year,mean,0.17111937620680423,0.1325198794372009,0.16757618128403554,0.1252798758645291,0.1656,0.1316,0.1226,0.1208,0.1195
1-year,median,0.13993258407160059,0.1225997393212751,0.16042392101956282,0.13173419350576154,0.0406,0.1072,0.1252,0.129,0.1318
1-year,skew,1.7533930631301384,1.3159931097962736,0.49299915897257013,0.06475855860099569,6.99,1.08,0.1,-0.09,-0.21
1-year,pct_positive,0.6774872222222222,0.6866616666666666,0.6937805555555555,0.7236283333333333,0.5359,0.6433,0.7,0.7121,0.72
1-year,pct_above_tbill,0.6359233333333333,0.6364372222222222,0.6567583333333333,0.6675983333333333,0.5079,0.5998,0.6494,0.6619,0.6709
1-year,pct_above_vw,0.5169138888888889,0.48968666666666666,0.5446833333333333,0.5042172222222222,0.4286,0.472,0.4869,0.491,0.4928
10-year,mean,2.6858863824676895,1.9698316447042261,2.622860859885526,1.9173110323989124,2.4538,1.918,1.8188,1.798,1.7805
10-year,median,2.0340156590459966,1.6005239348889309,2.2727765103164757,1.6680959320254336,0.2772,1.2364,1.3977,1.4009,1.376
10-year,skew,3.7103667021750883,2.7718432728687827,1.5570047585741869,0.9905871988843173,65.03,9.03,1.64,1.15,0.9
10-year,pct_positive,0.9577222222222223,0.90975,0.9932166666666666,0.9816444444444444,0.5618,0.836,0.9596,0.9838,0.9957
10-year,pct_above_tbill,0.9033611111111111,0.8257055555555556,0.9772055555555555,0.9179944444444444,0.4777,0.7229,0.8686,0.907,0.9308
10-year,pct_above_vw,0.5954,0.4638555555555556,0.6949944444444445,0.5181055555555556,0.2938,0.4077,0.4537,0.467,0.4754
full period,mean,75732.4341887139,11735.323887510693,68549.63258931352,9945.27125302405,9498.26,8954.97,6355.47,5860.71,5441.81
full period,median,20511.213969952085,3172.618581489046,40415.834586945595,5969.429532201895,0.095,949.36,3174.56,3843.32,4217.49
full period,skew,23.321413399280036,15.82056823032026,5.749841147282116,4.908200805004207,96.45,47.24,10.02,4.4,2.95
full period,pct_positive,1.0,1.0,1.0,1.0,0.5076,0.9994,1.0,1.0,1.0
full period,pct_above_tbill,1.0,0.99895,1.0,1.0,0.2745,0.9648,1.0,1.0,1.0
full period,pct_above_vw,0.8123,0.39215,0.97965,0.56745,0.0397,0.2268,0.3681,0.4094,0.4329
