decade,months,corr_crsp_vw_vs_ff_market,mean_abs_diff,ann_crsp_vw,ann_rf
1920s,42.0,0.9998353030655611,0.0006805000000000007,0.16793935813982896,0.03724592691019124
1930s,120.0,0.9999014806056246,0.0010066333333333343,-0.002706637982093807,0.005490673155110315
1940s,120.0,0.999885003445314,0.0005120166666666669,0.09538808311397395,0.004087150277138685
1950s,120.0,0.9998556421004381,0.0004436416666666667,0.18317277542792842,0.01871592064733374
1960s,120.0,0.9999217538719727,0.0003738416666666667,0.08276890837260709,0.038754629095784754
1970s,120.0,0.9998494814930858,0.0006547166666666666,0.06188551326061953,0.06312062920040318
1980s,120.0,0.9995836868772804,0.0011109916666666663,0.1636179639379891,0.08890630421357204
1990s,120.0,0.9994329050547117,0.0011662166666666666,0.1740272695820646,0.04926116543997261
2000s,120.0,0.9977936357874991,0.0024665916666666665,0.0018477857197947145,0.027526433059324118
2010s,120.0,0.9969264051626375,0.002492775,0.12139656780863128,0.0051294990342898306
2020s,60.0,0.998672465936774,0.0023714666666666676,0.12719156559888778,0.023875164616210087
