decade,rows,implied_positive,agree_ordinary_cash,n_with_distribution_ordinary_cash,agree_ordinary_cash_given_distribution,implied_only_ordinary_cash,dist_only_ordinary_cash,agree_ordinary_special_cash,n_with_distribution_ordinary_special_cash,agree_ordinary_special_cash_given_distribution,implied_only_ordinary_special_cash,dist_only_ordinary_special_cash,agree_any_cash_amount,n_with_distribution_any_cash_amount,agree_any_cash_amount_given_distribution,implied_only_any_cash_amount,dist_only_any_cash_amount
1920s,26974,5740,0.9961444353822199,5740,0.9818815331010453,0.0007414547341884778,0.0,0.9960332171720916,5743,0.9813686226710778,0.0007414547341884778,0.00011121821012827167,0.9876547786757618,5948,0.9441829186281103,0.0,0.007711129235560169
1930s,84716,13531,0.9981585532839133,13531,0.9884709186312911,0.0006492280088767175,0.0,0.9978870579347466,13554,0.9867935664748414,0.0006374238632607772,0.0002714953491666273,0.9967420558100005,13711,0.9798701772299614,0.0,0.0021247462108692572
1940s,100408,24722,0.9972810931399888,24722,0.9889572041096999,0.0013046769181738506,0.0,0.9969823121663612,24736,0.9877506468305304,0.0013046769181738506,0.00013943112102621306,0.996434547048044,24901,0.9856230673466929,0.0,0.0017827264759780097
1950s,122548,35075,0.9924600972680093,35075,0.973656450463293,0.0013627313379247314,0.0,0.9918399321082352,35099,0.9715091598051226,0.0013627313379247314,0.00019584162940235663,0.9895224728269739,35490,0.9638207945900253,0.0,0.003386428175082417
1960s,215978,50461,0.9925501671466538,50461,0.9681139890212244,0.0023706118215744195,0.0,0.9919806646973303,50486,0.9656934595729509,0.0023613516191463946,0.00011575253035031346,0.9928881645352767,50763,0.969741741031854,0.0,0.0013982905666317866
1970s,475165,91136,0.9952521755600686,91136,0.9752457865168539,0.0011469699998947734,0.0,0.9949996317068808,91200,0.9739473684210527,0.0011469699998947734,0.00013469005503351466,0.9956246777435207,91410,0.9772563176895307,0.0,0.0005766417981122347
1980s,652677,90475,0.9973371208116726,90475,0.980790273556231,0.0005102064267623955,0.0,0.9971456018827077,90577,0.9794318646013889,0.0005102064267623955,0.00015627944603532835,0.9969893224366724,90997,0.9784058815125773,0.0,0.0007997830473572686
1990s,768306,81671,0.99874659315429,81671,0.9882087889214042,2.3428165340372195e-05,0.0,0.9986932289999036,81707,0.9877121911219356,2.3428165340372195e-05,4.685633068074439e-05,0.9981257467727702,82125,0.9824657534246576,0.0,0.000590910392473832
2000s,595075,63306,0.9993278158215351,63306,0.9936814835876536,2.184598580010923e-05,0.0,0.9992824433894887,63331,0.9932576463343387,2.184598580010923e-05,4.201151115405621e-05,0.9988992984077637,63543,0.9896920195772941,0.0,0.00039826912574045286
2010s,437339,55721,0.9996890284196013,55721,0.9975592684984117,0.0,0.0,0.9996730225294337,55725,0.997433826828174,0.0,9.146222952903811e-06,0.9991905592686681,55902,0.9936674895352581,0.0,0.0004138665886188975
2020s,237799,25846,0.9998275854818566,25846,0.9984136810338157,0.0,0.0,0.9998023540889575,25850,0.9981818181818182,0.0,1.682092859936333e-05,0.9994028570347226,25931,0.9945624927692723,0.0,0.00035744473273647073
