decade,eligible,exchange,missing_price_or_shares,no_name_record,secondary_share_class,share_code,terminal_row
1920s,9725,6,214,117,72,2,2
1930s,28449,19,334,140,139,0,12
1940s,33637,48,53,113,142,0,7
1950s,40973,89,39,121,60,0,23
1960s,72791,356,115,1426,247,185,74
1970s,162268,3136,3955,1240,604,1554,91
1980s,220247,3938,1055,3320,1996,1520,180
1990s,258693,4040,319,3803,3504,2118,300
2000s,198440,6101,110,2088,2584,2443,263
2010s,146265,2508,234,1452,1917,3598,148
2020s,79819,310,13,1024,874,2260,62
