date,eligible_n,eligible_hist36_n,universe_n,cap_first_top_without_hist36,history_first_members_outside_cap_first,universe_cap_share_of_eligible,universe_min_mktcap_musd,universe_median_mktcap_musd,universe_unknown_industry_n,universe_industries_n
1928-12-31,606,393,393,213,0,0.8276796447624386,0.15,31.024,0,12
1929-03-31,616,410,410,206,0,0.8442384024089866,0.13,31.249,0,12
1929-06-30,649,416,416,233,0,0.8342787743292818,0.12625,32.61525,0,12
1929-09-30,682,427,427,255,0,0.8105553423239341,0.07,31.875,0,12
1929-12-31,692,420,420,272,0,0.8156111154883997,0.075,22.771749999999997,0,12
1930-03-31,710,424,424,286,0,0.8036169945404681,0.05375,27.767125,0,12
1930-06-30,699,423,423,276,0,0.8123330704624661,0.03,19.91675,0,12
1930-09-30,700,428,428,272,0,0.8214622778500764,0.02375,16.8975,0,12
1930-12-31,707,430,430,277,0,0.8271548571358087,0.01375,12.498687499999999,0,12
1931-03-31,704,432,432,272,0,0.822392908431191,0.02,14.947875,0,12
1931-06-30,704,434,434,270,0,0.8275417903777149,0.015,11.65325,0,12
1931-09-30,698,432,432,266,0,0.8473001319283013,0.01,6.472,0,12
1931-12-31,697,442,442,255,0,0.8550316684928283,0.02475,5.391,0,12
1932-03-31,698,458,458,240,0,0.8554893687730343,0.02475,4.4670625,0,12
1932-06-30,681,472,472,209,0,0.8843520195680974,0.0185625,2.7140625,0,12
1932-09-30,689,499,499,190,0,0.9148846835034053,0.0525,5.5573125,0,12
1932-12-31,682,522,522,160,0,0.9361592324968542,0.0433125,3.9651875,0,12
1933-03-31,676,520,520,156,0,0.9401198998566437,0.0375,3.437375,0,12
1933-06-30,675,533,533,142,0,0.938272209198161,0.12,9.425,0,12
1933-09-30,680,541,541,139,0,0.947065233596371,0.0975,7.869875,0,12
1933-12-31,683,547,547,136,0,0.9421318628694898,0.06375,7.461375,0,12
1934-03-31,682,551,551,131,0,0.942860824366488,0.08125,9.4185,0,12
1934-06-30,685,562,562,123,0,0.9421185522321293,0.06875,7.98009375,0,12
1934-09-30,690,570,570,120,0,0.9298717684552735,0.0625,6.8095,0,12
1934-12-31,686,577,577,109,0,0.9304273623519911,0.04375,7.3375,0,12
1935-03-31,676,571,571,105,0,0.9281936625960299,0.0375,6.2,0,12
1935-06-30,685,583,583,102,0,0.923999047187498,0.0375,7.002875,0,12
1935-09-30,686,576,576,110,0,0.922991190169388,0.0525,8.8078125,0,12
1935-12-31,694,578,578,116,0,0.9240544052966599,0.0975,12.613875,0,12
1936-03-31,695,581,581,114,0,0.9302039380174562,0.135,14.445,0,12
1936-06-30,709,588,588,121,0,0.9270939786171797,0.0975,12.7723125,0,12
1936-09-30,713,599,599,114,0,0.9308465121169031,0.09,14.95575,0,12
1936-12-31,719,592,592,127,0,0.9198983672553985,0.135,17.619,0,12
1937-03-31,735,594,594,141,0,0.9177140623699052,0.1125,18.86175,0,12
1937-06-30,743,596,596,147,0,0.9155840586381679,0.0675,15.3559375,0,12
1937-09-30,757,605,605,152,0,0.9315601918456965,0.0825,12.651875,0,12
1937-12-31,756,606,606,150,0,0.9277055740582134,0.045,8.3839375,0,12
1938-03-31,758,611,611,147,0,0.9223987075282472,0.03,6.712875,0,12
1938-06-30,765,615,615,150,0,0.9269995018380903,0.06,9.530625,0,12
1938-09-30,759,623,623,136,0,0.9352560330992065,0.0525,10.1125,0,12
1938-12-31,753,628,628,125,0,0.9360101591032033,0.08925,11.569749999999999,0,12
1939-03-31,754,640,640,114,0,0.9511421975032606,0.0875,8.481625000000001,0,12
1939-06-30,753,648,648,105,0,0.9531697229103947,0.075,8.42384375,0,12
1939-09-30,755,651,651,104,0,0.9574111193578603,0.1,11.097,0,12
1939-12-31,758,665,665,93,0,0.9573302097750203,0.06,10.396,0,12
1940-03-31,764,681,681,83,0,0.9565882537418252,0.05,10.63125,0,12
1940-06-30,765,693,693,72,0,0.9633325788626997,0.04,8.294,0,12
1940-09-30,768,701,701,67,0,0.9653441139649259,0.065,9.4325,0,12
1940-12-31,770,703,703,67,0,0.9660088216300851,0.025,9.66125,0,12
1941-03-31,776,708,708,68,0,0.9770055283616751,0.1021875,9.058875,0,12
1941-06-30,775,713,713,62,0,0.9779081998220538,0.07153452,8.990625,0,12
1941-09-30,778,713,713,65,0,0.9751796471590019,0.09078125,9.1845,0,12
1941-12-31,779,716,716,63,0,0.9755782789460348,0.0363125,7.519875,0,12
1942-03-31,782,716,716,66,0,0.9781592521451027,0.1125,7.214125,0,12
1942-06-30,783,720,720,63,0,0.9821540636866908,0.1,7.21425,0,12
1942-09-30,785,725,725,60,0,0.9822493799993315,0.15489277999999998,7.84875,0,12
1942-12-31,781,730,730,51,0,0.9838809735679167,0.10775,8.4364375,0,12
1943-03-31,784,735,735,49,0,0.9855407797046146,0.35625,11.008,0,12
1943-06-30,781,737,737,44,0,0.9856079554496767,0.404875,12.3165,0,12
1943-09-30,788,741,741,47,0,0.9690774954232304,0.2905,11.80125,0,12
1943-12-31,791,741,741,50,0,0.9676409984953926,0.297375,11.7,0,12
1944-03-31,797,745,745,52,0,0.9638063000043774,0.2905,12.5205,0,12
1944-06-30,797,745,745,52,0,0.9636198847103745,0.30865625,14.168,0,12
1944-09-30,804,747,747,57,0,0.9638338632628193,0.4214375,14.664,0,12
1944-12-31,807,744,744,63,0,0.9612650785290341,0.61225,15.692625,0,12
1945-03-31,812,747,747,65,0,0.9583021708321038,0.77025,16.7475,0,12
1945-06-30,821,750,750,71,0,0.9547005933997361,0.93625,18.813625000000002,0,12
1945-09-30,825,751,751,74,0,0.9563006705697659,0.875,20.612625,0,12
1945-12-31,829,744,744,85,0,0.9444713836975817,1.3125,24.2425,0,12
1946-03-31,845,746,746,99,0,0.9374645429607668,1.46575,25.1435,0,12
1946-06-30,858,748,748,110,0,0.9331294472071928,1.4945,27.177,0,12
1946-09-30,875,755,755,120,0,0.9426307155509206,0.998875,20.026,0,12
1946-12-31,886,760,760,126,0,0.9404878530372993,0.96075,21.5545,0,12
1947-03-31,895,769,769,126,0,0.9449435943437854,0.976,20.8845,0,12
1947-06-30,901,771,771,130,0,0.9446018370424563,0.815875,19.254125,0,12
1947-09-30,910,777,777,133,0,0.941152162924511,0.71675,20.085,0,12
1947-12-31,920,786,786,134,0,0.9422392185260114,0.76875,19.790750000000003,0,12
1948-03-31,931,792,792,139,0,0.9397961273363593,0.7149375,18.910875,0,12
1948-06-30,937,800,800,137,0,0.9414398692703906,0.784125,20.362000000000002,0,12
1948-09-30,944,805,805,139,0,0.9386534966827567,0.6825,18.0,0,12
1948-12-31,944,821,821,123,0,0.9487660458778909,0.678125,17.304,0,12
1949-03-31,954,833,833,121,0,0.9483684444764925,0.58075,17.11325,0,12
1949-06-30,960,847,847,113,0,0.9496140064060207,0.37875,14.7825,0,12
1949-09-30,968,865,865,103,0,0.947108314755705,0.4545,16.631875,0,12
1949-12-31,967,874,874,93,0,0.9480406789415204,0.525,17.995,0,12
1950-03-31,975,884,884,91,0,0.9455263226192954,0.404,18.252125,0,12
1950-06-30,978,889,889,89,0,0.9479196593427061,0.303,18.2505,0,12
1950-09-30,990,897,897,93,0,0.9531252464334059,0.605375,20.541,0,12
1950-12-31,990,906,906,84,0,0.9592866093326391,0.92625,22.645000000000003,0,12
1951-03-31,996,916,916,80,0,0.9553903259355555,0.835,23.777625,0,12
1951-06-30,1005,923,923,82,5,0.9517067800735243,0.668,22.494375,0,12
1951-09-30,1004,928,928,76,4,0.9522581321700362,0.6993125,24.9228125,0,12
1951-12-31,1009,928,928,81,9,0.94967802785342,0.5845,24.396375,0,12
1952-03-31,1012,937,937,75,12,0.9508216327397114,0.501,24.464,0,12
1952-06-30,1014,943,943,71,14,0.9551187640935044,0.480125,24.6925,0,12
1952-09-30,1024,951,951,73,24,0.9604746077229066,0.480125,24.99975,0,12
1952-12-31,1024,951,951,73,24,0.9619905493887991,0.29225,26.406,0,12
1953-03-31,1023,953,953,70,23,0.9663925366454581,0.396625,27.04,0,12
1953-06-30,1025,955,955,70,25,0.965108289905085,0.45925,25.373625,0,12
1953-09-30,1019,961,961,58,19,0.9699705465872956,0.354875,23.931875,0,12
1953-12-31,1024,962,962,62,24,0.9650221557735671,0.29225,25.180875,0,12
1954-03-31,1023,971,971,52,23,0.9727637008056887,0.3235625,26.894,0,12
1954-06-30,1025,974,974,51,25,0.9783274534770506,0.463125,29.4995625,0,12
1954-09-30,1027,974,974,53,27,0.9773916032553827,0.5094375,31.43275,0,12
1954-12-31,1029,977,977,52,29,0.9759164149825216,0.6175,37.29375,0,12
1955-03-31,1028,973,973,55,28,0.9758767667834873,0.5711875,39.644,0,12
1955-06-30,1029,969,969,60,29,0.976735568354991,0.5531875,41.8605,0,12
1955-09-30,1027,967,967,60,27,0.9771051823312893,0.6,42.48525,0,12
1955-12-31,1029,960,960,69,29,0.9759448912544966,0.7,47.050250000000005,0,12
1956-03-31,1033,962,962,71,33,0.9733363552049926,0.8,48.96875,0,12
1956-06-30,1027,962,962,65,27,0.9758481327129697,1.122125,47.587500000000006,0,12
1956-09-30,1031,956,956,75,31,0.9742044466204125,0.60125,46.674,0,12
1956-12-31,1030,956,956,74,30,0.9762861775142341,0.69375,48.96725,0,12
1957-03-31,1033,952,952,81,33,0.9742990597744347,0.615875,48.871125000000006,0,12
1957-06-30,1040,951,951,87,38,0.9750163753078661,0.925,50.230125,0,12
1957-09-30,1045,947,947,95,42,0.9733708351615665,0.60125,44.836,0,12
1957-12-31,1045,944,944,99,43,0.9743935584816015,0.45,40.72625,0,12
1958-03-31,1043,942,942,99,41,0.971497263797893,0.55,46.935125,0,12
1958-06-30,1043,945,945,95,40,0.9712128053025723,0.55,50.728,0,12
1958-09-30,1038,949,949,88,37,0.9734449438935229,0.8,56.24,0,12
1958-12-31,1039,950,950,87,37,0.9698029155510498,0.65,61.7855,0,12
1959-03-31,1036,947,947,88,35,0.9685837380447617,0.875,67.311,0,12
1959-06-30,1047,951,951,95,46,0.966789604855115,1.9935,69.89625,0,12
1959-09-30,1054,958,958,94,52,0.9679486689279816,1.768,68.524,0,12
1959-12-31,1060,957,957,102,59,0.964287879978261,1.605875,71.16,0,12
1960-03-31,1069,962,962,102,64,0.9608597904249061,1.21825,66.05721875,0,12
1960-06-30,1078,966,966,109,75,0.9577007493649535,0.830625,66.5855,0,12
1960-09-30,1092,969,969,117,86,0.9582324349453158,0.77525,61.88,0,12
1960-12-31,1085,968,968,112,80,0.963702199281929,0.719875,67.94925,0,12
1961-03-31,1090,969,969,116,85,0.9622741649018636,2.393625,82.188,0,12
1961-06-30,1093,964,964,123,87,0.9616660202463647,2.455,81.2616875,0,12
1961-09-30,1102,957,957,137,94,0.9559308826115581,2.16,80.92225,0,12
1961-12-31,1111,954,954,147,101,0.9561797596509418,2.16,88.2828125,0,12
1962-03-31,1113,953,953,148,101,0.9543680375274729,2.16,85.113,0,12
1962-06-30,1120,958,958,150,108,0.9583158518301402,1.35,66.02125000000001,0,12
1962-09-30,1953,959,959,266,225,0.8996898593119056,1.62,67.925,0,12
1962-12-31,1954,960,960,255,215,0.9034779078817684,1.35,73.15225,0,12
1963-03-31,1953,970,970,244,214,0.903510101338611,2.5693125,78.36825,0,12
1963-06-30,1973,977,977,244,221,0.9020869112989286,2.1105,80.18775,0,12
1963-09-30,1974,992,992,231,223,0.905723654649693,2.0626875,78.4543125,0,12
1963-12-31,1970,987,987,232,219,0.9070300123364069,2.0545,80.986125,0,12
1964-03-31,1993,992,992,229,221,0.9022750088528626,2.348,84.422125,0,12
1964-06-30,2013,1000,1000,221,221,0.9007456497934749,1.974375,87.997875,0,12
1964-09-30,2029,1004,1000,224,224,0.9054256326026455,4.2355,92.55175,0,12
1964-12-31,2037,1011,1000,218,218,0.9068397256165222,5.76375,93.025125,0,12
1965-03-31,2046,1013,1000,216,216,0.9050555034049597,6.975,103.895,0,12
1965-06-30,2060,1015,1000,219,219,0.9080732795240375,6.512125,96.262875,0,12
1965-09-30,2068,1646,1000,124,124,0.9384268120287582,24.96875,121.34625,0,12
1965-12-31,2061,1641,1000,125,125,0.9352307063677702,29.3085,136.54325,0,12
1966-03-31,2074,1647,1000,120,120,0.9302952587127841,31.43125,134.57412499999998,0,12
1966-06-30,2073,1644,1000,121,121,0.930283501841038,28.93575,127.30725000000001,0,12
1966-09-30,2096,1660,1000,126,126,0.9317312585145924,25.54375,114.15174999999999,0,12
1966-12-31,2094,1677,1000,128,128,0.9371686189562739,26.22725,124.809875,0,12
1967-03-31,2096,1702,1000,124,124,0.9317185517786565,35.039625,147.90949999999998,0,12
1967-06-30,2093,1711,1000,130,130,0.935971828264945,39.579,159.2968125,0,12
1967-09-30,2087,1709,1000,134,134,0.932320678939042,43.3,173.1556875,0,12
1967-12-31,2088,1696,1000,139,139,0.9254038447016882,46.63575,177.8245,0,12
1968-03-31,2088,1688,1000,132,132,0.9289165560437063,42.8415,164.046875,0,12
1968-06-30,2088,1688,1000,134,134,0.9227542391471805,54.186625,197.12225,0,12
1968-09-30,2091,1676,1000,146,146,0.913065573433011,55.397,198.599375,0,12
1968-12-31,2103,1688,1000,146,146,0.905189781187424,62.901,224.286,0,12
1969-03-31,2124,1676,1000,148,148,0.9049522355301272,56.69825,204.938625,0,12
1969-06-30,2158,1693,1000,146,146,0.9051754748808309,48.69575,181.9393125,0,12
1969-09-30,2191,1706,1000,155,155,0.9002425413083585,44.35625,172.952,0,12
1969-12-31,2210,1707,1000,165,165,0.8994489333498954,42.66675,180.9730625,0,12
1970-03-31,2250,1711,1000,163,163,0.8962944386912497,39.878625,171.2243125,0,12
1970-06-30,2257,1721,1000,160,160,0.9063467350656875,27.027,120.5128125,0,12
1970-09-30,2274,1738,1000,152,152,0.89757678921123,34.52875,151.12125,0,12
1970-12-31,2288,1755,1000,154,154,0.9020139492628482,36.449875,163.75775,0,12
1971-03-31,2299,1769,1000,157,157,0.8944315094252243,44.88,190.5475,0,12
1971-06-30,2315,1782,1000,164,164,0.8964691265482874,41.9375,188.185,0,12
1971-09-30,2353,1817,1000,150,150,0.9008836670189281,44.485,196.2745625,0,12
1971-12-31,2391,1850,1000,154,154,0.9059402457827361,45.966,214.32225,0,12
1972-03-31,2424,1890,1000,154,154,0.9020900716463952,54.531,237.449625,0,12
1972-06-30,2441,1926,1000,139,139,0.9112029859640516,54.054,233.049375,0,12
1972-09-30,2476,1965,1000,133,133,0.9180616559205971,52.896,224.394375,0,12
1972-12-31,5371,1988,1000,275,275,0.8038612574070922,55.90175,248.12431249999997,0,12
1973-03-31,5353,2019,1000,274,274,0.8147928615489555,47.5595,215.531125,0,12
1973-06-30,5198,2029,1000,282,282,0.8290944040583751,39.02575,178.81349999999998,0,12
1973-09-30,5076,2041,1000,264,264,0.8295898273942889,46.88775,211.8851875,0,12
1973-12-31,4893,2057,1000,265,265,0.8448594794436775,36.96775,177.60750000000002,0,12
1974-03-31,4848,2067,1000,253,253,0.8416977012285685,41.543625,178.063,0,12
1974-06-30,4785,2079,1000,242,242,0.8558090796245379,35.10375,146.9338125,0,12
1974-09-30,4679,2088,1000,238,238,0.8585064106999352,27.973125,114.77850000000001,0,12
1974-12-31,4575,2103,1000,237,237,0.8639384254842006,26.80475,121.1348125,0,12
1975-03-31,4578,2128,1000,226,226,0.859496732172608,38.22,173.68200000000002,0,12
1975-06-30,4597,2142,1000,221,221,0.8596739690125379,46.4715,208.065375,0,12
1975-09-30,4616,2173,1000,208,208,0.8642967412244931,40.31125,183.077,0,12
1975-12-31,4616,3867,1000,38,38,0.9141184494209478,67.82,229.246875,60,12
1976-03-31,4590,3793,1000,28,28,0.9074227087243685,85.6075,280.3139375,55,12
1976-06-30,4635,3765,1000,30,30,0.9103194822089742,86.91975,281.6045,62,12
1976-09-30,4686,3583,1000,30,30,0.9130324096372837,87.078125,283.121625,50,12
1976-12-31,4687,3573,1000,28,28,0.9086934778225214,97.258,306.243875,47,12
1977-03-31,4662,3542,1000,29,29,0.9028632377546537,92.919,298.98975,50,12
1977-06-30,4671,3535,1000,30,30,0.901004905181371,99.5995,307.24249999999995,46,12
1977-09-30,4623,3498,1000,29,29,0.8998510068718649,99.107,298.29981250000003,45,12
1977-12-31,4602,3487,1000,28,28,0.894958562274671,102.076875,301.241,45,12
1978-03-31,4544,3487,1000,27,27,0.8878014808210377,103.10475,294.02437499999996,40,12
1978-06-30,4534,3478,1000,31,31,0.8847810182322244,111.961,329.348,38,12
1978-09-30,4534,3459,1000,39,39,0.8803001246136766,124.69275,357.03525,41,12
1978-12-31,4532,3456,1000,41,41,0.8911592868487493,108.45,316.6446875,40,12
1979-03-31,4517,3491,1000,44,44,0.8857713209043495,118.803125,343.437,39,12
1979-06-30,4501,3510,1000,39,39,0.8866539622532071,123.783,359.04625,39,12
1979-09-30,4494,3712,1000,27,27,0.8876433946773609,138.075,400.1215625,32,12
1979-12-31,4503,3710,1000,30,30,0.8871125886274442,134.928,408.28274999999996,28,12
1980-03-31,4513,3703,1000,26,26,0.8971515082662739,115.302,339.83875,27,12
1980-06-30,4533,3680,1000,32,32,0.8903349965019444,135.85275,401.75125,24,12
1980-09-30,4576,3660,1000,37,37,0.8780696332029524,156.08425,453.85175000000004,25,12
1980-12-31,4671,3637,1000,50,50,0.8758067714319144,165.556625,484.0115625,22,12
1981-03-31,4735,3607,1000,52,52,0.8689766679172211,175.329,514.3445624999999,21,12
1981-06-30,4885,3603,1000,51,51,0.8608373171794538,182.7,503.179,21,12
1981-09-30,4965,3609,1000,49,49,0.8690197738614515,154.531125,431.787875,19,12
1981-12-31,5031,3595,1000,53,53,0.8666782555096246,166.852875,455.148,18,12
1982-03-31,5032,3570,1000,46,46,0.870767226352946,143.264,406.006375,16,12
1982-06-30,5002,3556,1000,52,52,0.8680132689338389,136.8495,390.1670625,10,12
1982-09-30,4962,3537,1000,53,53,0.8626410177662674,151.228875,434.9755,11,12
1982-12-31,4996,3520,1000,65,65,0.8575530202505071,181.0305,542.413,12,12
1983-03-31,5040,3539,1000,80,80,0.8473582790323237,206.668625,608.150625,12,12
1983-06-30,5163,3555,1000,95,95,0.8319245036457413,235.5405,680.480625,10,12
1983-09-30,5358,3603,1000,81,81,0.8381319888315305,231.408125,664.8161875000001,13,12
1983-12-31,5593,3677,1000,75,75,0.8409117321319776,232.763625,655.773,8,12
1984-03-31,5696,3716,1000,78,78,0.8111938644215894,211.6725,592.992,9,12
1984-06-30,5747,3816,1000,75,75,0.8227309675493066,208.5995,585.37925,6,12
1984-09-30,5726,3867,1000,72,72,0.8276319323884094,221.67,609.97125,8,12
1984-12-31,5714,3888,1000,65,65,0.8325240284475194,216.4375,626.0086875,7,12
1985-03-31,5677,3855,1000,64,64,0.8306963466746314,239.115,692.22475,8,12
1985-06-30,5667,3804,1000,68,68,0.835229634147661,246.272,734.95075,3,12
1985-09-30,5657,3761,1000,66,66,0.833754533384535,230.946,692.848375,4,12
1985-12-31,5678,3777,1000,73,73,0.8327410088955364,262.038,793.7175,3,12
1986-03-31,5676,3793,1000,71,71,0.8321621468785706,298.298,886.836625,2,12
1986-06-30,5794,3845,1000,70,70,0.8261860028653462,308.819,924.405375,2,12
1986-09-30,5886,3964,1000,58,58,0.8296582263110062,285.362,835.9391875,2,12
1986-12-31,5938,4035,1000,62,62,0.8312125973239449,275.6315,849.3467499999999,2,12
1987-03-31,6041,4085,1000,67,67,0.8651263311458666,343.65825,1041.7625,2,12
1987-06-30,6180,4104,1000,67,67,0.8666138852041724,332.0785,1043.259875,2,12
1987-09-30,6311,4097,1000,79,79,0.8672837563805248,345.90675,1083.040375,2,12
1987-12-31,6233,4069,1000,73,73,0.8780888396654499,246.27825,795.01775,2,12
1988-03-31,6163,4033,1000,81,81,0.8703131843861538,273.888,892.439625,2,12
1988-06-30,6106,4006,1000,83,83,0.8708659028134166,276.365,904.5018749999999,2,12
1988-09-30,6044,4015,1000,83,83,0.8734675710556834,268.954,908.10475,2,12
1988-12-31,5965,4040,1000,90,90,0.8757669632394872,259.335,844.92525,2,12
1989-03-31,5903,4051,1000,86,86,0.8771665399711738,275.05825,884.034,2,12
1989-06-30,5833,4161,1000,84,84,0.8822103549287663,287.71875,963.4728749999999,2,12
1989-09-30,5781,4247,1000,85,85,0.882841272932248,306.82625,1025.152,2,12
1989-12-31,5776,4355,1000,74,74,0.8941489931729956,292.59525,1008.56675,1,12
1990-03-31,5753,4417,1000,76,76,0.8937423062325658,284.546,978.4389375000001,1,12
1990-06-30,5734,4482,1000,70,70,0.8965509286340001,293.87775,985.301375,0,12
1990-09-30,5700,4561,1000,64,64,0.9097321621648915,222.4035,800.439125,0,12
1990-12-31,5634,4530,1000,65,65,0.916758845283249,228.3185,867.8536875,0,12
1991-03-31,5579,4488,1000,70,70,0.9050750329204055,288.7365,1039.42675,0,12
1991-06-30,5606,4482,1000,68,68,0.9002708818169771,300.278,1045.7929374999999,1,12
1991-09-30,5630,4472,1000,83,83,0.8957907979377997,339.4135,1128.6674375,1,12
1991-12-31,5667,4451,1000,85,85,0.8948135916164425,348.9825,1216.16375,1,12
1992-03-31,5758,4436,1000,99,99,0.8804577285241445,375.7,1239.6471875,1,12
1992-06-30,5751,4371,1000,94,94,0.8872861414411798,353.7,1186.3755625,0,12
1992-09-30,5726,4321,1000,91,91,0.8875373136031571,368.893,1220.3488125,0,12
1992-12-31,5789,4328,1000,99,99,0.8753998103942395,420.726375,1363.080375,0,12
1993-03-31,5868,4321,1000,98,98,0.87382310683885,448.695,1453.6078750000001,0,12
1993-06-30,5983,4355,1000,100,100,0.8665450982560791,460.381,1524.5215,0,12
1993-09-30,6108,4353,1000,112,112,0.8544526508679561,491.175,1569.748875,0,12
1993-12-31,6323,4309,1000,117,117,0.8443873522050392,513.124875,1588.8542499999999,0,12
1994-03-31,6454,4292,1000,119,119,0.8428130561884449,493.756125,1530.57825,0,12
1994-06-30,6567,4339,1000,117,117,0.8468969333134408,501.966,1541.6605,0,12
1994-09-30,6594,4366,1000,119,119,0.8440913852749117,534.846375,1650.767875,0,12
1994-12-31,6634,4414,1000,114,114,0.8477445787680706,534.46275,1595.301,0,12
1995-03-31,6639,4492,1000,107,107,0.8514984674963962,569.57125,1731.8036875,0,12
1995-06-30,6670,4539,1000,95,95,0.852828663494861,640.012,1880.1568750000001,0,12
1995-09-30,6736,4550,1000,98,98,0.8453415504028003,705.5355,2030.413375,0,12
1995-12-31,6865,4583,1000,107,107,0.8405351726317764,716.926,2058.6456875,0,12
1996-03-31,6934,4615,1000,107,107,0.8386247063713571,750.6345,2178.1976875,0,12
1996-06-30,7114,4707,1000,126,126,0.825675363065142,775.11175,2195.2335000000003,0,12
1996-09-30,7209,4783,1000,116,116,0.8283631119662075,781.834625,2329.4360625,0,12
1996-12-31,7333,4916,1000,113,113,0.8335419347980023,828.593625,2460.9950625,0,12
1997-03-31,7341,4992,1000,99,99,0.844931274139921,794.5275,2399.9880625,0,12
1997-06-30,7351,5045,1000,95,95,0.8464547263460884,943.0875,2657.127,0,12
1997-09-30,7320,5015,1000,108,108,0.8399834960363441,1030.896625,2958.82775,0,12
1997-12-31,7326,5008,1000,107,107,0.8485961685232962,998.1675,2868.4088125,0,12
1998-03-31,7248,4962,1000,109,109,0.8503799209993037,1125.577125,3320.8595625,0,12
1998-06-30,7217,4956,1000,122,122,0.8502623217994072,1059.0965,3126.952,0,12
1998-09-30,7085,4916,1000,115,115,0.8670119086359573,826.505,2567.1988437500004,0,12
1998-12-31,6886,4917,1000,114,114,0.8717539870421233,967.226,2934.0259375,0,12
1999-03-31,6729,4890,1000,140,140,0.8711964333125697,865.171375,2732.22825,0,12
1999-06-30,6677,4935,1000,141,141,0.8786139369167708,1040.57,3088.9850312500002,0,12
1999-09-30,6603,4906,1000,150,150,0.87430790561697,946.619625,2861.18334375,0,12
1999-12-31,6552,4909,1000,208,208,0.8469362939910925,1050.5896875,3219.09,0,12
2000-03-31,6505,4860,1000,221,221,0.8328101643214828,1092.4085,3386.7503125000003,0,12
2000-06-30,6476,4821,1000,201,201,0.8506015551968749,1057.9815,3131.4851875000004,0,12
2000-09-30,6453,4780,1000,189,189,0.8510517893288695,1058.28375,3126.335,0,12
2000-12-31,6261,4719,1000,139,139,0.8834431029197698,1001.64499776,3082.3795625000002,0,12
2001-03-31,6088,4659,1000,107,107,0.8958127997054551,967.2741,2741.5342149999997,0,12
2001-06-30,5872,4597,1000,119,119,0.8898066545035611,1097.646,3257.7518999999998,0,12
2001-09-30,5693,4524,1000,88,88,0.8999172506958973,838.5397600000001,2628.0101999999997,0,12
2001-12-31,5560,4443,1000,105,105,0.8879814443049957,1029.51982,2939.01996,0,12
2002-03-31,5439,4395,1000,84,84,0.8917461222280219,1071.6458799999998,3122.64444,0,12
2002-06-30,5356,4391,1000,75,75,0.8943605730787626,967.9436,2793.8703,0,12
2002-09-30,5239,4397,1000,66,66,0.9044182588560424,790.2336,2269.01379207,0,12
2002-12-31,5141,4388,1000,61,61,0.9041188100761111,852.64569,2433.27948,0,12
2003-03-31,5012,4354,1000,58,58,0.9056960247336606,825.588,2295.35409,0,12
2003-06-30,4923,4362,1000,54,54,0.9012373169866446,1037.5557999999999,2802.685015,0,12
2003-09-30,4852,4369,1000,56,56,0.8956130026307138,1094.89256,2999.60297,0,12
2003-12-31,4820,4318,1000,51,51,0.8919445533100427,1294.1991,3474.4514799999997,0,12
2004-03-31,4805,4272,1000,57,57,0.886719402390927,1385.64075,3625.34634,0,12
2004-06-30,4780,4213,1000,56,56,0.8886214875162703,1383.82994,3690.220005,0,12
2004-09-30,4770,4163,1000,61,61,0.8952884130619828,1336.52532,3611.6769400000003,0,12
2004-12-31,4755,4115,1000,56,56,0.8878188094017481,1501.97175,4078.3918350000004,0,12
2005-03-31,4738,4075,1000,59,59,0.8880809117421492,1429.93838,4047.344,0,12
2005-06-30,4730,4032,1000,53,53,0.8846986480106472,1506.41835,4168.298745,0,12
2005-09-30,4716,3961,1000,60,60,0.8834413843076606,1533.3374,4215.18168,0,12
2005-12-31,4689,3907,1000,55,55,0.8864623294897804,1533.46384,4207.9523149999995,0,12
2006-03-31,4654,3849,1000,56,56,0.8783330815701873,1677.01047,4512.6135,0,12
2006-06-30,4655,3799,1000,62,62,0.8788793904045076,1573.951,4228.74874,0,12
2006-09-30,4644,3778,1000,64,64,0.8834105587509546,1563.8461499999999,4251.393534999999,0,12
2006-12-31,4627,3751,1000,76,76,0.877997267565807,1650.8649599999999,4505.577925,0,12
2007-03-31,4592,3719,1000,77,77,0.8756504050899793,1654.82541,4644.5822499999995,0,12
2007-06-30,4588,3695,1000,81,81,0.8773262828183441,1744.4019600000001,4919.913140000001,0,12
2007-09-30,4551,3654,1000,82,82,0.8894586657887144,1658.3044399999999,4721.0423200000005,0,12
2007-12-31,4536,3632,1000,89,89,0.898383904138923,1499.3088,4355.37444,0,12
2008-03-31,4491,3607,1000,82,82,0.8946106472293259,1318.2514400000002,3933.28352,0,12
2008-06-30,4433,3591,1000,84,84,0.8933484438317265,1295.322,3970.8906150000003,0,12
2008-09-30,4360,3586,1000,75,75,0.8955101903645492,1196.7379200000003,3437.900235,0,12
2008-12-31,4267,3564,1000,68,68,0.905026284920649,858.9861599999999,2504.64382,0,12
2009-03-31,4186,3530,1000,63,63,0.9100758660309906,730.8505600000001,2281.4041178099997,0,12
2009-06-30,4103,3513,1000,60,60,0.905411011919379,928.77035,2748.36013,0,12
2009-09-30,4060,3506,1000,57,57,0.9028276334900266,1135.12641,3288.84726,0,12
2009-12-31,4020,3498,1000,58,58,0.9060069886231467,1214.85366,3544.3798449999995,0,12
2010-03-31,3986,3489,1000,55,55,0.9056171700057708,1330.1834,3788.16329,0,12
2010-06-30,3973,3509,1000,50,50,0.9057055318340463,1213.5844200000001,3377.83109,0,12
2010-09-30,3931,3488,1000,50,50,0.9071997084713675,1348.8725,3734.2235,0,12
2010-12-31,3883,3472,1000,51,51,0.9013200779027141,1563.51546,4310.2588,0,12
2011-03-31,3855,3450,1000,54,54,0.9099234426887833,1672.60748,4725.295865,0,12
2011-06-30,3791,3395,1000,54,54,0.9131404506262043,1639.125,4681.50674,0,12
2011-09-30,3776,3369,1000,56,56,0.9211471977056669,1245.0224699999999,3694.5738149999997,0,12
2011-12-31,3731,3311,1000,59,59,0.9186797109838992,1417.01892,3984.227835,0,12
2012-03-31,3713,3267,1000,67,67,0.917030868603386,1575.70722,4499.253825,0,12
2012-06-30,3685,3223,1000,70,70,0.9168683231269702,1448.9727799999998,4150.7537999999995,0,12
2012-09-30,3643,3177,1000,74,74,0.9172582228040655,1447.72578,4396.8483400000005,0,12
2012-12-31,3606,3155,1000,66,66,0.9144399423938443,1484.6228999999998,4461.1620299999995,0,12
2013-03-31,3581,3142,1000,68,68,0.9089140357891122,1678.8287999999998,5167.36932,0,12
2013-06-30,3583,3121,1000,74,74,0.9061954271135357,1743.7656600000003,5209.49842,0,12
2013-09-30,3595,3106,1000,81,81,0.89756773443575,1873.6813,5685.41733,0,12
2013-12-31,3600,3096,1000,81,81,0.895424187097646,2031.9116800000002,6007.66921,0,12
2014-03-31,3637,3084,1000,84,84,0.896370853917445,2084.0915400000004,6235.103885,0,12
2014-06-30,3674,3073,1000,88,88,0.8866766425143817,2137.7455,6494.638885,0,12
2014-09-30,3700,3063,1000,90,90,0.8900426905165466,1954.8249,6193.2592125,0,12
2014-12-31,3721,3049,1000,87,87,0.8896914654944318,2091.750375,6719.96237589,0,12
2015-03-31,3693,3027,1000,84,84,0.8863212047850871,2182.7437200000004,6661.357695000001,0,12
2015-06-30,3708,3018,1000,84,84,0.896129710973546,2154.19148,6724.39827,0,12
2015-09-30,3715,2991,1000,88,88,0.8966895074738248,1799.083,5911.7381700000005,0,12
2015-12-31,3690,2963,1000,87,87,0.8965390086231111,1843.95967,6087.29428,0,12
2016-03-31,3633,2924,1000,77,77,0.9060155329052586,1843.34381,6027.584699999999,0,12
2016-06-30,3598,2921,1000,77,77,0.9090186217158938,1812.5620800000002,5932.3911849999995,0,12
2016-09-30,3565,2912,1000,78,78,0.9051373907847408,1970.4743999999998,6223.84433,0,12
2016-12-31,3550,2912,1000,64,64,0.9072906750922133,2130.6253500000003,6627.547895,0,12
2017-03-31,3537,2935,1000,70,70,0.9084644272069439,2198.87475,6888.39953,0,12
2017-06-30,3540,2946,1000,66,66,0.921764341342025,2165.7363,6977.83749,0,12
2017-09-30,3518,2953,1000,71,71,0.9164686325950105,2268.5467200000003,7056.60874,0,12
2017-12-31,3515,2954,1000,58,58,0.9198592875911753,2402.9861,7619.02362,0,12
2018-03-31,3523,2949,1000,67,67,0.9197887155886212,2382.3331000000003,7650.208850000001,0,12
2018-06-30,3547,2959,1000,67,67,0.9156182793376042,2508.4584,7707.99794437,0,12
2018-09-30,3564,2982,1000,64,64,0.9230953622474478,2592.5238,8162.22987,0,12
2018-12-31,3542,2961,1000,53,53,0.9316114877036942,2055.2752,6430.19846196,0,12
2019-03-31,3519,2923,1000,64,64,0.9297890429365449,2279.89125,7507.697175,0,12
2019-06-30,3558,2929,1000,72,72,0.9280327184895169,2329.6355099999996,8000.69739,0,12
2019-09-30,3555,2930,1000,65,65,0.9334813434181434,2283.8716799999997,7730.6451400000005,0,12
2019-12-31,3531,2915,1000,65,65,0.9342516264526181,2498.59896,8212.946264999999,0,12
2020-03-31,3530,2914,1000,80,80,0.9412416120514732,1621.326,5597.7672999999995,0,12
2020-06-30,3525,2920,1000,86,86,0.932289779839546,2094.006,7096.014145,0,12
2020-09-30,3572,2912,1000,103,103,0.928979959514507,2146.3431,7639.423535,0,12
2020-12-31,3683,2942,1000,120,120,0.9144721169545433,2894.01008,9620.85236593,0,12
2021-03-31,3866,2957,1000,123,123,0.9047160018423342,3280.3992799999996,10768.657568535,0,12
2021-06-30,4046,2987,1000,130,130,0.8999710771640856,3437.39436,11351.399385,0,12
2021-09-30,4186,3003,1000,126,126,0.8989741890335047,3287.91808,10891.528166285,1,12
2021-12-31,4319,2999,1000,113,113,0.9101432280282868,3471.14886,11591.578125,1,12
2022-03-31,4375,2997,1000,102,102,0.918666921819498,3231.5209499999996,10557.90130723,1,12
2022-06-30,4376,3023,1000,88,88,0.9303872968529654,2746.14768,9004.333202669999,0,12
2022-09-30,4373,3029,1000,81,81,0.9301559599046358,2532.48096,8705.887145,0,12
2022-12-31,4244,3023,1000,78,78,0.9358410885209144,2725.8504,9132.770675,0,12
2023-03-31,4172,3007,1000,82,82,0.9374884554918403,2734.87491,9430.17985335,0,12
2023-06-30,4123,3014,1000,76,76,0.9411764694011955,3012.025,9989.621439999999,0,12
2023-09-30,4067,3056,1000,69,69,0.9458861421674823,2835.58392,9475.63928,0,12
2023-12-31,3977,3110,1000,60,60,0.9473497340601544,3227.39467,10501.36565,0,12
2024-03-31,3927,3184,1000,50,50,0.9514514503716344,3342.765,11498.30355,0,12
2024-06-30,3878,3264,1000,47,47,0.9560122572883049,3270.97164,10949.26468,1,12
2024-09-30,3817,3322,1000,39,39,0.9548425746661351,3562.608,11877.156315,1,12
2024-12-31,3763,3364,1000,36,36,0.9556584376516035,3746.6711999999998,11810.78952,0,12
