decade,nan_ret_rows,stale_carry_rows,no_prior_row_rows,price_ratio_rows,universe_holding_months,universe_holding_stale_carry,universe_holding_price_ratio,universe_holding_securities,universe_holding_runs,resume_in_quarter,straddle_rebalance,runs_over_10_months,runs_resuming_with_valid_return,runs_le_10_crsp_spans_gap,runs_le_10_checkable,runs_le_10_nonspanning_priced_gap,runs_le_10_nonspanning_other
1920s,1702,924,778,0,4928,35,0,31,31,25,10,0,31,31,31,0,0
1930s,1456,1235,221,0,65017,155,0,134,149,93,62,1,149,148,148,0,0
1940s,800,534,266,0,89909,23,0,23,23,11,12,0,23,23,23,0,0
1950s,849,598,251,0,113254,34,0,30,30,13,21,5,30,22,24,2,0
1960s,5245,3260,1981,4,117908,98,3,78,79,41,57,6,79,67,72,5,0
1970s,31453,26817,4622,14,119783,59,0,54,54,38,21,3,54,49,49,0,0
1980s,27355,21360,5893,102,119493,28,0,28,28,16,12,0,28,25,27,0,2
1990s,26409,19657,6721,31,119530,2,0,2,2,2,0,0,2,2,2,0,0
2000s,23175,20754,2414,7,119508,13,0,7,7,0,13,6,7,0,0,0,0
2010s,11721,9719,1998,4,119598,0,0,0,0,0,0,0,0,0,0,0,0
2020s,4096,2483,1600,13,59835,0,0,0,0,0,0,0,0,0,0,0,0
total,134261,107341,26745,175,1048763,447,3,356,403,239,208,21,403,367,376,7,2
