decade,eligible_rows,missing_ret_total,missing_ret_price,missing_div_cash_adj,missing_shares_adj,unknown_industry,hist36_share
1920s,27981,0.0275901504592402,0.0275901504592402,0.03598870662235088,0.0,0.0,0.1928808834566313
1930s,85353,0.0027181235574613664,0.0027181235574613664,0.007463123733202114,0.0,0.0,0.7687368926692676
1940s,100731,0.002610914217073195,0.002610914217073195,0.0032065600460632776,0.0,0.0,0.8973900785259751
1950s,122852,0.002034968905675121,0.002034968905675121,0.0024745221893009476,0.0,1.627975124540097e-05,0.9242096180770358
1960s,218169,0.008993028340415,0.008993028340415,0.010042673340392081,0.0,9.167205239974515e-06,0.7110909432595832
1970s,481497,0.010112212537149765,0.010112212537149765,0.013150653067412673,0.0,0.10377842437232215,0.6513207766611214
1980s,659508,0.009564705810998502,0.009564705810998502,0.010357721210356812,0.0,0.04671967587959509,0.6951075650333278
1990s,775297,0.00884435255134484,0.00884435255134484,0.009017189541556333,0.0,0.0002850520510204476,0.7140579674627917
2000s,597786,0.004411277614397125,0.004411277614397125,0.004535067733269096,0.0,0.0,0.8224364571937115
2010s,439425,0.004674290265688115,0.004674290265688115,0.004747112704101952,0.0,0.001288046879444729,0.8484337486488024
2020s,239389,0.006587604275885692,0.006587604275885692,0.006641909193822607,0.0,0.005184031012285443,0.7632430896991925
